split,threshold,fpr,tpr
train,inf,0.0,0.0
train,0.9173917,0.0,0.00046685340802987864
train,0.39048204,0.0,0.5004668534080299
train,0.39021438,0.00046685340802987864,0.5004668534080299
train,0.33350593,0.00046685340802987864,0.6106442577030813
train,0.33333075,0.0009337068160597573,0.6106442577030813
train,0.33106342,0.0009337068160597573,0.61531279178338
train,0.33097568,0.0014005602240896359,0.61531279178338
train,0.3262733,0.0014005602240896359,0.6199813258636788
train,0.32619366,0.0018674136321195146,0.6199813258636788
train,0.32417285,0.0018674136321195146,0.6227824463118581
train,0.3241238,0.002334267040149393,0.6227824463118581
train,0.32155135,0.002334267040149393,0.6274509803921569
train,0.32104537,0.0028011204481792717,0.6274509803921569
train,0.3197137,0.0028011204481792717,0.6311858076563959
train,0.31875965,0.0032679738562091504,0.6311858076563959
train,0.31467116,0.0032679738562091504,0.638188608776844
train,0.31430373,0.003734827264239029,0.638188608776844
train,0.31136498,0.003734827264239029,0.6447245564892624
train,0.31125292,0.004201680672268907,0.6447245564892624
train,0.30915746,0.004201680672268907,0.6465919701213819
train,0.30877516,0.004668534080298786,0.6465919701213819
train,0.30251926,0.004668534080298786,0.6563958916900093
train,0.3024425,0.005135387488328665,0.6563958916900093
train,0.29735085,0.005135387488328665,0.6699346405228758
train,0.29696682,0.0056022408963585435,0.6699346405228758
train,0.2930122,0.0056022408963585435,0.6755368814192344
train,0.2927354,0.006069094304388422,0.6755368814192344
train,0.2878499,0.006069094304388422,0.6848739495798319
train,0.2877054,0.0070028011204481795,0.6848739495798319
train,0.28351608,0.0070028011204481795,0.6937441643323996
train,0.28312284,0.007469654528478058,0.6937441643323996
train,0.28148568,0.007469654528478058,0.6946778711484594
train,0.28025287,0.007936507936507936,0.6946778711484594
train,0.26972303,0.007936507936507936,0.7124183006535948
train,0.26928917,0.008403361344537815,0.7124183006535948
train,0.26746777,0.008403361344537815,0.7170868347338936
train,0.26726317,0.008870214752567693,0.7170868347338936
train,0.26211858,0.008870214752567693,0.7259570494864612
train,0.2620779,0.009337068160597572,0.7259570494864612
train,0.26137784,0.009337068160597572,0.7264239028944911
train,0.26107898,0.00980392156862745,0.7264239028944911
train,0.25723356,0.00980392156862745,0.7320261437908496
train,0.25597712,0.010737628384687208,0.7320261437908496
train,0.25424445,0.010737628384687208,0.7352941176470589
train,0.2538357,0.011204481792717087,0.7352941176470589
train,0.2501847,0.011204481792717087,0.738562091503268
train,0.24894659,0.011671335200746966,0.738562091503268
train,0.24507454,0.011671335200746966,0.7413632119514473
train,0.24489982,0.012138188608776844,0.7413632119514473
train,0.24286662,0.012138188608776844,0.7432306255835668
train,0.2428246,0.012605042016806723,0.7432306255835668
train,0.24093312,0.012605042016806723,0.746031746031746
train,0.24071015,0.013071895424836602,0.746031746031746
train,0.24066705,0.013071895424836602,0.7464985994397759
train,0.2396658,0.014005602240896359,0.7464985994397759
train,0.239211,0.014005602240896359,0.7474323062558357
train,0.23911613,0.014939309056956116,0.7474323062558357
train,0.23834287,0.014939309056956116,0.7483660130718954
train,0.23816918,0.015873015873015872,0.7483660130718954
train,0.237715,0.015873015873015872,0.7497665732959851
train,0.23758546,0.016339869281045753,0.7497665732959851
train,0.2359034,0.016339869281045753,0.7525676937441643
train,0.23564892,0.01727357609710551,0.7525676937441643
train,0.23513581,0.01727357609710551,0.7535014005602241
train,0.23430605,0.017740429505135387,0.7535014005602241
train,0.23386875,0.017740429505135387,0.7549019607843137
train,0.23357111,0.018674136321195144,0.7549019607843137
train,0.23274589,0.018674136321195144,0.7563025210084033
train,0.23215619,0.019140989729225025,0.7563025210084033
train,0.22954196,0.019140989729225025,0.761437908496732
train,0.22900312,0.020074696545284782,0.761437908496732
train,0.22889726,0.020074696545284782,0.7623716153127917
train,0.22866316,0.02100840336134454,0.7623716153127917
train,0.2277055,0.02100840336134454,0.7633053221288515
train,0.22688374,0.021942110177404293,0.7633053221288515
train,0.22599441,0.021942110177404293,0.765172735760971
train,0.2258989,0.022408963585434174,0.765172735760971
train,0.22527009,0.022408963585434174,0.7665732959850607
train,0.22506428,0.02334267040149393,0.7665732959850607
train,0.2231883,0.02334267040149393,0.7689075630252101
train,0.2230045,0.023809523809523808,0.7689075630252101
train,0.22245961,0.023809523809523808,0.7698412698412699
train,0.22149338,0.025676937441643323,0.7698412698412699
train,0.22147426,0.025676937441643323,0.7703081232492998
train,0.2213058,0.026143790849673203,0.7703081232492998
train,0.2208472,0.026143790849673203,0.7717086834733894
train,0.2204681,0.02707749766573296,0.7717086834733894
train,0.220117,0.02707749766573296,0.773109243697479
train,0.22010586,0.027544351073762838,0.773109243697479
train,0.21965146,0.027544351073762838,0.7749766573295985
train,0.21849331,0.028011204481792718,0.7749766573295985
train,0.2181896,0.028011204481792718,0.7763772175536882
train,0.21797352,0.028478057889822595,0.7763772175536882
train,0.21567173,0.028478057889822595,0.7791783380018674
train,0.21542667,0.028944911297852476,0.7791783380018674
train,0.21392035,0.028944911297852476,0.7815126050420168
train,0.21349925,0.029411764705882353,0.7815126050420168
train,0.21300438,0.029411764705882353,0.7829131652661064
train,0.21209753,0.03034547152194211,0.7829131652661064
train,0.21097952,0.03034547152194211,0.7843137254901961
train,0.21064314,0.03081232492997199,0.7843137254901961
train,0.2105123,0.03081232492997199,0.784780578898226
train,0.2103234,0.03127917833800187,0.784780578898226
train,0.2100254,0.03127917833800187,0.7857142857142857
train,0.20997451,0.031746031746031744,0.7857142857142857
train,0.2080766,0.031746031746031744,0.7875816993464052
train,0.20725536,0.032679738562091505,0.7875816993464052
train,0.20453517,0.032679738562091505,0.7917833800186741
train,0.20409635,0.03361344537815126,0.7917833800186741
train,0.2039387,0.03361344537815126,0.792250233426704
train,0.20362417,0.034080298786181136,0.792250233426704
train,0.20275098,0.034080298786181136,0.7941176470588235
train,0.2019522,0.03454715219421102,0.7941176470588235
train,0.20109376,0.03454715219421102,0.7955182072829131
train,0.20100982,0.035480859010270774,0.7955182072829131
train,0.19923969,0.035480859010270774,0.7983193277310925
train,0.19919284,0.03594771241830065,0.7983193277310925
train,0.19919282,0.03594771241830065,0.7987861811391224
train,0.19896646,0.036414565826330535,0.7987861811391224
train,0.19875945,0.036414565826330535,0.7997198879551821
train,0.19869839,0.03688141923436041,0.7997198879551821
train,0.1983635,0.03688141923436041,0.8006535947712419
train,0.19741093,0.0392156862745098,0.8006535947712419
train,0.19726932,0.0392156862745098,0.8015873015873016
train,0.19720128,0.03968253968253968,0.8015873015873016
train,0.19712959,0.03968253968253968,0.8020541549953315
train,0.19494872,0.042483660130718956,0.8020541549953315
train,0.19395012,0.042483660130718956,0.8029878618113913
train,0.19239137,0.04388422035480859,0.8029878618113913
train,0.1922939,0.04388422035480859,0.803921568627451
train,0.1917096,0.04481792717086835,0.803921568627451
train,0.19121674,0.04481792717086835,0.8048552754435108
train,0.1908645,0.045284780578898225,0.8048552754435108
train,0.18925712,0.045284780578898225,0.8062558356676004
train,0.18907817,0.04668534080298786,0.8062558356676004
train,0.1860918,0.04668534080298786,0.8090569561157797
train,0.1859794,0.04715219421101774,0.8090569561157797
train,0.18538362,0.04715219421101774,0.8099906629318394
train,0.18536724,0.047619047619047616,0.8099906629318394
train,0.18508306,0.047619047619047616,0.8104575163398693
train,0.18489735,0.0480859010270775,0.8104575163398693
train,0.18265592,0.0480859010270775,0.8132586367880486
train,0.18254842,0.04855275443510738,0.8132586367880486
train,0.18160054,0.04855275443510738,0.8155929038281979
train,0.1810163,0.04948646125116713,0.8155929038281979
train,0.1808649,0.04948646125116713,0.8165266106442577
train,0.18037115,0.05042016806722689,0.8165266106442577
train,0.17924522,0.05042016806722689,0.8188608776844071
train,0.17684582,0.052754435107376284,0.8188608776844071
train,0.17660525,0.052754435107376284,0.8202614379084967
train,0.17644577,0.05322128851540616,0.8202614379084967
train,0.17611115,0.05322128851540616,0.8216619981325863
train,0.17586751,0.05415499533146592,0.8216619981325863
train,0.1758647,0.05415499533146592,0.8221288515406162
train,0.17571566,0.0546218487394958,0.8221288515406162
train,0.17551467,0.0546218487394958,0.823062558356676
train,0.17465994,0.056022408963585436,0.823062558356676
train,0.17457096,0.056022408963585436,0.8235294117647058
train,0.1742286,0.05648926237161531,0.8235294117647058
train,0.1734304,0.05648926237161531,0.8249299719887955
train,0.1731558,0.05695611577964519,0.8249299719887955
train,0.17302005,0.05695611577964519,0.8258636788048552
train,0.17294882,0.05742296918767507,0.8258636788048552
train,0.1729361,0.05742296918767507,0.8263305322128851
train,0.17278598,0.05788982259570495,0.8263305322128851
train,0.17204688,0.05788982259570495,0.8272642390289449
train,0.17172687,0.05835667600373483,0.8272642390289449
train,0.17171285,0.05835667600373483,0.8277310924369747
train,0.17060983,0.06022408963585434,0.8277310924369747
train,0.16855918,0.06022408963585434,0.830999066293184
train,0.16749032,0.0611577964519141,0.830999066293184
train,0.16588302,0.0611577964519141,0.8328664799253035
train,0.1652403,0.06209150326797386,0.8328664799253035
train,0.1650278,0.06209150326797386,0.8333333333333334
train,0.16448097,0.06349206349206349,0.8333333333333334
train,0.1641459,0.06349206349206349,0.8342670401493931
train,0.16352394,0.06582633053221289,0.8342670401493931
train,0.16349864,0.06582633053221289,0.834733893557423
train,0.16281037,0.06629318394024276,0.834733893557423
train,0.16236208,0.06629318394024276,0.8356676003734828
train,0.16220059,0.06676003734827264,0.8356676003734828
train,0.16151707,0.06676003734827264,0.8361344537815126
train,0.1603728,0.06909430438842204,0.8361344537815126
train,0.16031554,0.06909430438842204,0.8366013071895425
train,0.15985471,0.06956115779645192,0.8366013071895425
train,0.15934351,0.06956115779645192,0.8370681605975724
train,0.15860409,0.07096171802054155,0.8370681605975724
train,0.15857786,0.07096171802054155,0.8375350140056023
train,0.15839866,0.07142857142857142,0.8375350140056023
train,0.15832573,0.07142857142857142,0.838468720821662
train,0.1577669,0.07329598506069095,0.838468720821662
train,0.15773048,0.07329598506069095,0.8389355742296919
train,0.15761225,0.0742296918767507,0.8389355742296919
train,0.15744236,0.0742296918767507,0.8394024276377218
train,0.15689537,0.07609710550887021,0.8394024276377218
train,0.15686378,0.07609710550887021,0.8398692810457516
train,0.15665904,0.07703081232492998,0.8398692810457516
train,0.15656717,0.07703081232492998,0.8403361344537815
train,0.15553069,0.0784313725490196,0.8403361344537815
train,0.15485093,0.0784313725490196,0.8417366946778712
train,0.15474413,0.07889822595704948,0.8417366946778712
train,0.15410458,0.07889822595704948,0.8431372549019608
train,0.15396905,0.07936507936507936,0.8431372549019608
train,0.15353125,0.07936507936507936,0.8440709617180205
train,0.15348563,0.07983193277310924,0.8440709617180205
train,0.15345182,0.07983193277310924,0.8445378151260504
train,0.15324719,0.08029878618113913,0.8445378151260504
train,0.153245,0.08029878618113913,0.8450046685340803
train,0.15283532,0.08123249299719888,0.8450046685340803
train,0.15243423,0.08123249299719888,0.84593837535014
train,0.15185663,0.08263305322128851,0.84593837535014
train,0.15024893,0.08263305322128851,0.8478057889822596
train,0.15011488,0.08356676003734827,0.8478057889822596
train,0.14998773,0.08356676003734827,0.8482726423902894
train,0.14986056,0.08403361344537816,0.8482726423902894
train,0.14875108,0.08403361344537816,0.8496732026143791
train,0.1484296,0.08543417366946779,0.8496732026143791
train,0.14827693,0.08543417366946779,0.8501400560224089
train,0.14815132,0.08683473389355742,0.8501400560224089
train,0.14772722,0.08683473389355742,0.8515406162464986
train,0.14754818,0.0873015873015873,0.8515406162464986
train,0.14728151,0.0873015873015873,0.8520074696545284
train,0.14665894,0.08916900093370682,0.8520074696545284
train,0.14607352,0.08916900093370682,0.8529411764705882
train,0.14567864,0.09103641456582633,0.8529411764705882
train,0.14500771,0.09103641456582633,0.8543417366946778
train,0.14444445,0.09290382819794585,0.8543417366946778
train,0.14424245,0.09290382819794585,0.8552754435107376
train,0.14420456,0.0938375350140056,0.8552754435107376
train,0.14414048,0.0938375350140056,0.8557422969187675
train,0.14383908,0.09523809523809523,0.8557422969187675
train,0.14383747,0.09523809523809523,0.8562091503267973
train,0.14359333,0.09570494864612512,0.8562091503267973
train,0.14330892,0.09570494864612512,0.8566760037348272
train,0.14290817,0.09757236227824463,0.8566760037348272
train,0.14261147,0.09757236227824463,0.857609710550887
train,0.14257468,0.09803921568627451,0.857609710550887
train,0.14240727,0.09803921568627451,0.8580765639589168
train,0.14146216,0.09943977591036414,0.8580765639589168
train,0.14121895,0.09943977591036414,0.8585434173669467
train,0.14068036,0.10084033613445378,0.8585434173669467
train,0.14056244,0.10084033613445378,0.8594771241830066
train,0.14039442,0.10224089635854341,0.8594771241830066
train,0.14036387,0.10224089635854341,0.8599439775910365
train,0.14023194,0.10317460317460317,0.8599439775910365
train,0.1400789,0.10317460317460317,0.8608776844070962
train,0.13994609,0.10364145658263306,0.8608776844070962
train,0.13963343,0.10364145658263306,0.861811391223156
train,0.1391355,0.10457516339869281,0.861811391223156
train,0.13902286,0.10457516339869281,0.8622782446311859
train,0.13897681,0.10504201680672269,0.8622782446311859
train,0.1389137,0.10504201680672269,0.8632119514472456
train,0.13880818,0.10597572362278244,0.8632119514472456
train,0.13851655,0.10597572362278244,0.8636788048552755
train,0.13788427,0.10784313725490197,0.8636788048552755
train,0.13762198,0.10784313725490197,0.8646125116713352
train,0.137433,0.10877684407096172,0.8646125116713352
train,0.13712065,0.10877684407096172,0.8660130718954249
train,0.13689305,0.11017740429505135,0.8660130718954249
train,0.13605769,0.11017740429505135,0.8674136321195145
train,0.13594623,0.11064425770308123,0.8674136321195145
train,0.13584949,0.11064425770308123,0.8678804855275444
train,0.13541369,0.111577964519141,0.8678804855275444
train,0.13532451,0.111577964519141,0.8683473389355743
train,0.13460954,0.1134453781512605,0.8683473389355743
train,0.13425156,0.1134453781512605,0.8688141923436041
train,0.13327077,0.1157796451914099,0.8688141923436041
train,0.1332485,0.1157796451914099,0.869281045751634
train,0.13289233,0.11718020541549953,0.869281045751634
train,0.13194418,0.11718020541549953,0.8702147525676938
train,0.131735,0.11811391223155929,0.8702147525676938
train,0.131672,0.11811391223155929,0.8706816059757236
train,0.13151965,0.11858076563958916,0.8706816059757236
train,0.13133484,0.11858076563958916,0.8711484593837535
train,0.12973632,0.12091503267973856,0.8711484593837535
train,0.12913483,0.12091503267973856,0.8725490196078431
train,0.12901635,0.12138188608776844,0.8725490196078431
train,0.12877706,0.12138188608776844,0.8734827264239029
train,0.12817073,0.12324929971988796,0.8734827264239029
train,0.12815115,0.12324929971988796,0.8739495798319328
train,0.12801199,0.12371615312791784,0.8739495798319328
train,0.12789507,0.12371615312791784,0.8744164332399627
train,0.12788755,0.12418300653594772,0.8744164332399627
train,0.12785889,0.12418300653594772,0.8748832866479925
train,0.12714374,0.12511671335200747,0.8748832866479925
train,0.12712666,0.12511671335200747,0.8753501400560224
train,0.124880776,0.1293183940242764,0.8753501400560224
train,0.124838546,0.1293183940242764,0.8758169934640523
train,0.12440322,0.13165266106442577,0.8758169934640523
train,0.12410737,0.13165266106442577,0.876750700280112
train,0.12233614,0.13678804855275445,0.876750700280112
train,0.12208883,0.13678804855275445,0.8772175536881419
train,0.122047864,0.13725490196078433,0.8772175536881419
train,0.12192148,0.13725490196078433,0.8776844070961718
train,0.12174203,0.13818860877684408,0.8776844070961718
train,0.121664494,0.13818860877684408,0.8781512605042017
train,0.120850325,0.13912231559290383,0.8781512605042017
train,0.12082381,0.13912231559290383,0.8786181139122315
train,0.12072905,0.1395891690009337,0.8786181139122315
train,0.120721,0.1395891690009337,0.8790849673202614
train,0.12015587,0.14098972922502334,0.8790849673202614
train,0.12014197,0.14098972922502334,0.8795518207282913
train,0.11919933,0.1419234360410831,0.8795518207282913
train,0.11906548,0.1419234360410831,0.8800186741363212
train,0.11867393,0.14332399626517273,0.8800186741363212
train,0.11856005,0.14332399626517273,0.880485527544351
train,0.11829559,0.14472455648926238,0.880485527544351
train,0.11827449,0.14472455648926238,0.8809523809523809
train,0.11820864,0.14565826330532214,0.8809523809523809
train,0.11776909,0.14565826330532214,0.8814192343604108
train,0.116739,0.14799253034547152,0.8814192343604108
train,0.11637372,0.14799253034547152,0.8823529411764706
train,0.11556624,0.14939309056956115,0.8823529411764706
train,0.11531238,0.14939309056956115,0.8828197945845004
train,0.11500696,0.1503267973856209,0.8828197945845004
train,0.11499436,0.1503267973856209,0.8832866479925303
train,0.113388605,0.1549953314659197,0.8832866479925303
train,0.11338668,0.1549953314659197,0.8837535014005602
train,0.1128324,0.15826330532212884,0.8837535014005602
train,0.11282901,0.15826330532212884,0.8842203548085901
train,0.112728484,0.15873015873015872,0.8842203548085901
train,0.11268754,0.15873015873015872,0.88468720821662
train,0.11253039,0.15966386554621848,0.88468720821662
train,0.11207072,0.15966386554621848,0.8860877684407096
train,0.11174988,0.16013071895424835,0.8860877684407096
train,0.11135304,0.16013071895424835,0.8865546218487395
train,0.11052435,0.161531279178338,0.8865546218487395
train,0.11049713,0.161531279178338,0.8870214752567693
train,0.10973529,0.16526610644257703,0.8870214752567693
train,0.10968486,0.16526610644257703,0.8874883286647992
train,0.10952881,0.1657329598506069,0.8874883286647992
train,0.10946125,0.1657329598506069,0.8879551820728291
train,0.1087819,0.1676003734827264,0.8879551820728291
train,0.10861679,0.1676003734827264,0.888422035480859
train,0.107410915,0.17086834733893558,0.888422035480859
train,0.10739306,0.17086834733893558,0.8888888888888888
train,0.10677068,0.17320261437908496,0.8888888888888888
train,0.10633459,0.17320261437908496,0.8893557422969187
train,0.1059397,0.17366946778711484,0.8893557422969187
train,0.105905056,0.17366946778711484,0.8898225957049486
train,0.10480755,0.17833800186741364,0.8898225957049486
train,0.104699366,0.17833800186741364,0.8902894491129785
train,0.104645126,0.1792717086834734,0.8902894491129785
train,0.10456438,0.1792717086834734,0.8907563025210085
train,0.10442638,0.17973856209150327,0.8907563025210085
train,0.10441106,0.17973856209150327,0.8912231559290383
train,0.10429227,0.18020541549953314,0.8912231559290383
train,0.10400529,0.18020541549953314,0.8916900093370682
train,0.10393319,0.18067226890756302,0.8916900093370682
train,0.103897415,0.18067226890756302,0.8921568627450981
train,0.103840664,0.1811391223155929,0.8921568627450981
train,0.103629604,0.1811391223155929,0.892623716153128
train,0.1030934,0.18207282913165265,0.892623716153128
train,0.102830686,0.18207282913165265,0.8940242763772176
train,0.102085516,0.18440709617180207,0.8940242763772176
train,0.10199538,0.18440709617180207,0.8944911297852475
train,0.100711115,0.18860877684407096,0.8944911297852475
train,0.10031833,0.18860877684407096,0.8949579831932774
train,0.10024897,0.18907563025210083,0.8949579831932774
train,0.100125246,0.18907563025210083,0.8954248366013072
train,0.099859335,0.19094304388422034,0.8954248366013072
train,0.09926697,0.19094304388422034,0.8958916900093371
train,0.09896209,0.19187675070028012,0.8958916900093371
train,0.09895451,0.19187675070028012,0.896358543417367
train,0.09880071,0.19327731092436976,0.896358543417367
train,0.09874243,0.19327731092436976,0.8968253968253969
train,0.0977644,0.19701213818860877,0.8968253968253969
train,0.09737885,0.19701213818860877,0.8977591036414566
train,0.097162165,0.19794584500466852,0.8977591036414566
train,0.09710488,0.19794584500466852,0.8982259570494865
train,0.096893586,0.1984126984126984,0.8982259570494865
train,0.09687915,0.1984126984126984,0.8986928104575164
train,0.09656653,0.19981325863678806,0.8986928104575164
train,0.0964873,0.19981325863678806,0.8996265172735761
train,0.094740294,0.20448179271708683,0.8996265172735761
train,0.09426872,0.20448179271708683,0.9005602240896359
train,0.093958795,0.2049486461251167,0.9005602240896359
train,0.09379105,0.2049486461251167,0.9010270774976658
train,0.092486836,0.20821661998132587,0.9010270774976658
train,0.09225486,0.20821661998132587,0.9014939309056956
train,0.0919156,0.2096171802054155,0.9014939309056956
train,0.09104082,0.2096171802054155,0.9019607843137255
train,0.09011949,0.211484593837535,0.9019607843137255
train,0.08993564,0.211484593837535,0.9024276377217554
train,0.089614965,0.21335200746965452,0.9024276377217554
train,0.08955247,0.21335200746965452,0.9028944911297853
train,0.08865057,0.21475256769374415,0.9028944911297853
train,0.08844983,0.21475256769374415,0.9033613445378151
train,0.08790623,0.21568627450980393,0.9033613445378151
train,0.08761669,0.21568627450980393,0.903828197945845
train,0.08726517,0.21708683473389356,0.903828197945845
train,0.08725051,0.21708683473389356,0.9042950513538749
train,0.086104825,0.21988795518207283,0.9042950513538749
train,0.08607102,0.21988795518207283,0.9047619047619048
train,0.08525061,0.2222222222222222,0.9047619047619048
train,0.08509537,0.2222222222222222,0.9052287581699346
train,0.085035235,0.223155929038282,0.9052287581699346
train,0.08463421,0.223155929038282,0.9056956115779645
train,0.08432826,0.22362278244631187,0.9056956115779645
train,0.084326565,0.22362278244631187,0.9061624649859944
train,0.083874814,0.226890756302521,0.9061624649859944
train,0.083867356,0.226890756302521,0.9066293183940243
train,0.083230175,0.22969187675070027,0.9066293183940243
train,0.08308094,0.22969187675070027,0.9070961718020542
train,0.08242018,0.2315592903828198,0.9070961718020542
train,0.08237073,0.2315592903828198,0.907563025210084
train,0.08208264,0.2338935574229692,0.907563025210084
train,0.081950136,0.2338935574229692,0.9080298786181139
train,0.08096824,0.23809523809523808,0.9080298786181139
train,0.08078315,0.23809523809523808,0.9084967320261438
train,0.0803975,0.238562091503268,0.9084967320261438
train,0.08021548,0.238562091503268,0.9094304388422035
train,0.080089115,0.23902894491129786,0.9094304388422035
train,0.08005716,0.23902894491129786,0.9098972922502334
train,0.08001697,0.23949579831932774,0.9098972922502334
train,0.07999584,0.23949579831932774,0.9103641456582633
train,0.079704605,0.2404295051353875,0.9103641456582633
train,0.07969451,0.2404295051353875,0.9108309990662932
train,0.07928333,0.24276377217553688,0.9108309990662932
train,0.0787838,0.24276377217553688,0.911297852474323
train,0.0786659,0.24323062558356676,0.911297852474323
train,0.07856871,0.24323062558356676,0.9117647058823529
train,0.07776204,0.2469654528478058,0.9117647058823529
train,0.07772045,0.2469654528478058,0.9122315592903828
train,0.07715073,0.2488328664799253,0.9122315592903828
train,0.07698256,0.2488328664799253,0.9126984126984127
train,0.076827876,0.24976657329598506,0.9126984126984127
train,0.07680352,0.24976657329598506,0.9131652661064426
train,0.07517494,0.2572362278244631,0.9131652661064426
train,0.07515881,0.2572362278244631,0.9136321195144724
train,0.07504163,0.25770308123249297,0.9136321195144724
train,0.07499139,0.25770308123249297,0.9140989729225023
train,0.074961014,0.2586367880485528,0.9140989729225023
train,0.07464788,0.2586367880485528,0.9154995331465919
train,0.07442222,0.25957049486461253,0.9154995331465919
train,0.07406935,0.25957049486461253,0.9164332399626517
train,0.073341295,0.26330532212885155,0.9164332399626517
train,0.073336236,0.26330532212885155,0.9169000933706816
train,0.07292988,0.2642390289449113,0.9169000933706816
train,0.072907545,0.2642390289449113,0.9173669467787114
train,0.07239307,0.26563958916900093,0.9173669467787114
train,0.072369695,0.26563958916900093,0.9178338001867413
train,0.071337536,0.2703081232492997,0.9178338001867413
train,0.07106631,0.2703081232492997,0.9183006535947712
train,0.07065253,0.27170868347338933,0.9183006535947712
train,0.07056177,0.27170868347338933,0.9187675070028011
train,0.069002494,0.28057889822595705,0.9187675070028011
train,0.068988465,0.28057889822595705,0.919234360410831
train,0.0667308,0.2908496732026144,0.919234360410831
train,0.066706516,0.2908496732026144,0.9197012138188608
train,0.06570696,0.29411764705882354,0.9197012138188608
train,0.06560269,0.29411764705882354,0.9201680672268907
train,0.06450711,0.3006535947712418,0.9201680672268907
train,0.06402008,0.3006535947712418,0.9215686274509803
train,0.06268868,0.30392156862745096,0.9215686274509803
train,0.062372297,0.30392156862745096,0.9234360410831
train,0.061598584,0.30765639589169,0.9234360410831
train,0.061373927,0.30765639589169,0.9239028944911298
train,0.061258953,0.3085901027077498,0.9239028944911298
train,0.06123777,0.3085901027077498,0.9243697478991597
train,0.06114941,0.3104575163398693,0.9243697478991597
train,0.061067037,0.3104575163398693,0.9248366013071896
train,0.060841583,0.31092436974789917,0.9248366013071896
train,0.060807783,0.31092436974789917,0.9253034547152195
train,0.060127962,0.3141923436041083,0.9253034547152195
train,0.060091324,0.3141923436041083,0.9257703081232493
train,0.059900843,0.3160597572362278,0.9257703081232493
train,0.059758328,0.3160597572362278,0.9267040149393091
train,0.05951521,0.31746031746031744,0.9267040149393091
train,0.059311386,0.31746031746031744,0.927170868347339
train,0.056669395,0.3314659197012138,0.927170868347339
train,0.056564778,0.3314659197012138,0.9276377217553688
train,0.053412557,0.3506069094304388,0.9276377217553688
train,0.053282753,0.3506069094304388,0.9281045751633987
train,0.052745976,0.3524743230625584,0.9281045751633987
train,0.052640706,0.3524743230625584,0.9290382819794585
train,0.05161148,0.35714285714285715,0.9290382819794585
train,0.05072397,0.35714285714285715,0.9299719887955182
train,0.050713334,0.357609710550887,0.9299719887955182
train,0.050655045,0.357609710550887,0.9304388422035481
train,0.049495615,0.3622782446311858,0.9304388422035481
train,0.04929157,0.3622782446311858,0.9313725490196079
train,0.04877235,0.3641456582633053,0.9313725490196079
train,0.04875528,0.3641456582633053,0.9318394024276377
train,0.048612803,0.3646125116713352,0.9318394024276377
train,0.04840264,0.3646125116713352,0.9327731092436975
train,0.04818542,0.36554621848739494,0.9327731092436975
train,0.0479915,0.36554621848739494,0.9332399626517274
train,0.047379687,0.36881419234360413,0.9332399626517274
train,0.047294628,0.36881419234360413,0.9337068160597572
train,0.047230147,0.369281045751634,0.9337068160597572
train,0.047144543,0.369281045751634,0.9341736694677871
train,0.047076862,0.3697478991596639,0.9341736694677871
train,0.047071885,0.3697478991596639,0.934640522875817
train,0.046581287,0.3716153127917834,0.934640522875817
train,0.04653125,0.3716153127917834,0.9351073762838469
train,0.045970064,0.37488328664799253,0.9351073762838469
train,0.045659754,0.37488328664799253,0.9355742296918768
train,0.044318452,0.3800186741363212,0.9355742296918768
train,0.044240735,0.3800186741363212,0.9360410830999066
train,0.043768212,0.3818860877684407,0.9360410830999066
train,0.04367184,0.3818860877684407,0.9365079365079365
train,0.04348259,0.38235294117647056,0.9365079365079365
train,0.043476213,0.38235294117647056,0.9369747899159664
train,0.042673096,0.3907563025210084,0.9369747899159664
train,0.042480204,0.3907563025210084,0.9374416433239963
train,0.040629752,0.40102707749766575,0.9374416433239963
train,0.040606126,0.40102707749766575,0.9379084967320261
train,0.03925418,0.40943043884220354,0.9379084967320261
train,0.03921884,0.40943043884220354,0.938375350140056
train,0.037507035,0.4169000933706816,0.938375350140056
train,0.037503764,0.4169000933706816,0.9388422035480859
train,0.03624295,0.42203548085901027,0.9388422035480859
train,0.03622459,0.42203548085901027,0.9393090569561158
train,0.036120918,0.42250233426704015,0.9393090569561158
train,0.036060013,0.42250233426704015,0.9397759103641457
train,0.034155212,0.4327731092436975,0.9397759103641457
train,0.03409988,0.4327731092436975,0.9402427637721755
train,0.033129048,0.43790849673202614,0.9402427637721755
train,0.033099808,0.43790849673202614,0.9407096171802054
train,0.032981988,0.4388422035480859,0.9407096171802054
train,0.03249697,0.4388422035480859,0.942110177404295
train,0.03192813,0.44211017740429503,0.942110177404295
train,0.031925827,0.44211017740429503,0.9425770308123249
train,0.030466344,0.44864612511671337,0.9425770308123249
train,0.030350361,0.44864612511671337,0.9435107376283847
train,0.030139927,0.450046685340803,0.9435107376283847
train,0.030025637,0.450046685340803,0.9439775910364145
train,0.029967042,0.4505135387488329,0.9439775910364145
train,0.029886466,0.4505135387488329,0.9444444444444444
train,0.02918098,0.4556489262371615,0.9444444444444444
train,0.029135307,0.4556489262371615,0.9449112978524743
train,0.02844479,0.45891690009337066,0.9449112978524743
train,0.028429005,0.45891690009337066,0.9453781512605042
train,0.028226748,0.4598506069094304,0.9453781512605042
train,0.028039148,0.4598506069094304,0.945845004668534
train,0.027868442,0.4603174603174603,0.945845004668534
train,0.027857877,0.4603174603174603,0.9463118580765639
train,0.026804792,0.4668534080298786,0.9463118580765639
train,0.026655752,0.4668534080298786,0.9467787114845938
train,0.026398286,0.4673202614379085,0.9467787114845938
train,0.026371181,0.4673202614379085,0.9472455648926237
train,0.026352316,0.4677871148459384,0.9472455648926237
train,0.026295064,0.4677871148459384,0.9481792717086834
train,0.026218375,0.46872082166199813,0.9481792717086834
train,0.026183814,0.46872082166199813,0.9486461251167133
train,0.025865722,0.47058823529411764,0.9486461251167133
train,0.025774118,0.47058823529411764,0.9495798319327731
train,0.02568224,0.4710550887021475,0.9495798319327731
train,0.02566184,0.4710550887021475,0.9500466853408029
train,0.024930868,0.47619047619047616,0.9500466853408029
train,0.024797913,0.47619047619047616,0.9505135387488328
train,0.02393226,0.48132586367880487,0.9505135387488328
train,0.023923134,0.48132586367880487,0.9509803921568627
train,0.023817336,0.48179271708683474,0.9509803921568627
train,0.023685133,0.48179271708683474,0.9514472455648926
train,0.023387706,0.4831932773109244,0.9514472455648926
train,0.023322098,0.4831932773109244,0.9519140989729225
train,0.022446444,0.48552754435107376,0.9519140989729225
train,0.022396214,0.48552754435107376,0.9523809523809523
train,0.021551048,0.49019607843137253,0.9523809523809523
train,0.021512035,0.49019607843137253,0.9528478057889822
train,0.0187652,0.5056022408963585,0.9528478057889822
train,0.018580254,0.5056022408963585,0.9533146591970122
train,0.01815322,0.5084033613445378,0.9533146591970122
train,0.018067889,0.5084033613445378,0.9537815126050421
train,0.017452022,0.5135387488328664,0.9537815126050421
train,0.017348655,0.5135387488328664,0.954248366013072
train,0.01714235,0.5149393090569561,0.954248366013072
train,0.017032752,0.5149393090569561,0.9547152194211018
train,0.015793843,0.5200746965452848,0.9547152194211018
train,0.01575139,0.5200746965452848,0.9551820728291317
train,0.015593632,0.5214752567693745,0.9551820728291317
train,0.015534902,0.5214752567693745,0.9556489262371616
train,0.015131753,0.5238095238095238,0.9556489262371616
train,0.0151084,0.5238095238095238,0.9561157796451915
train,0.014170965,0.5289449112978525,0.9561157796451915
train,0.014147115,0.5289449112978525,0.9565826330532213
train,0.012376706,0.5359477124183006,0.9565826330532213
train,0.012376689,0.5359477124183006,0.9570494864612512
train,0.011002025,0.5415499533146592,0.9570494864612512
train,0.010992008,0.5415499533146592,0.9575163398692811
train,0.010125389,0.5452847805788982,0.9575163398692811
train,0.009936702,0.5452847805788982,0.957983193277311
train,0.009532571,0.5485527544351074,0.957983193277311
train,0.0092471745,0.5485527544351074,0.9584500466853408
train,0.008644559,0.5522875816993464,0.9584500466853408
train,0.008564539,0.5522875816993464,0.9589169000933707
train,0.007067878,0.5602240896358543,0.9589169000933707
train,0.006977187,0.5602240896358543,0.9593837535014006
train,0.0068153427,0.561624649859944,0.9593837535014006
train,0.0067028925,0.561624649859944,0.9598506069094305
train,0.0064574275,0.5630252100840336,0.9598506069094305
train,0.0064143343,0.5630252100840336,0.9603174603174603
train,0.006271193,0.5639589169000934,0.9603174603174603
train,0.006157664,0.5639589169000934,0.9607843137254902
train,0.0040041776,0.5718954248366013,0.9607843137254902
train,0.003978633,0.5718954248366013,0.9612511671335201
train,0.0037061996,0.572829131652661,0.9612511671335201
train,0.0036722866,0.572829131652661,0.96171802054155
train,0.00357397,0.5732959850606909,0.96171802054155
train,0.003556912,0.5732959850606909,0.9621848739495799
train,0.0022892745,0.5793650793650794,0.9621848739495799
train,0.0021434827,0.5793650793650794,0.9626517273576097
train,0.0020805416,0.5802987861811392,0.9626517273576097
train,0.0020513453,0.5802987861811392,0.9631185807656396
train,0.00074343156,0.588702147525677,0.9631185807656396
train,0.0006622032,0.588702147525677,0.9635854341736695
train,-0.00043726814,0.5947712418300654,0.9635854341736695
train,-0.0006018961,0.5947712418300654,0.9640522875816994
train,-0.0009049626,0.596171802054155,0.9640522875816994
train,-0.0013581769,0.596171802054155,0.965452847805789
train,-0.0015445248,0.5971055088702147,0.965452847805789
train,-0.0016078497,0.5971055088702147,0.9659197012138189
train,-0.0017501455,0.5975723622782446,0.9659197012138189
train,-0.0019457929,0.5975723622782446,0.9663865546218487
train,-0.002363758,0.5994397759103641,0.9663865546218487
train,-0.002377438,0.5994397759103641,0.9668534080298786
train,-0.0029133111,0.6017740429505135,0.9668534080298786
train,-0.0030365356,0.6017740429505135,0.9673202614379085
train,-0.003757929,0.6083099906629318,0.9673202614379085
train,-0.0039265645,0.6083099906629318,0.9677871148459384
train,-0.0043749455,0.6101774042950514,0.9677871148459384
train,-0.004378625,0.6101774042950514,0.9682539682539683
train,-0.005387252,0.6139122315592904,0.9682539682539683
train,-0.005456122,0.6139122315592904,0.9687208216619981
train,-0.006021844,0.6190476190476191,0.9687208216619981
train,-0.0061221565,0.6190476190476191,0.969187675070028
train,-0.0069023333,0.6209150326797386,0.969187675070028
train,-0.006921924,0.6209150326797386,0.9696545284780579
train,-0.0070236316,0.6213818860877685,0.9696545284780579
train,-0.0070555154,0.6213818860877685,0.9701213818860878
train,-0.007912823,0.6251167133520075,0.9701213818860878
train,-0.008002031,0.6251167133520075,0.9710550887021475
train,-0.0081031155,0.6265172735760971,0.9710550887021475
train,-0.008192358,0.6265172735760971,0.9715219421101774
train,-0.0083138645,0.6274509803921569,0.9715219421101774
train,-0.008330531,0.6274509803921569,0.9719887955182073
train,-0.008330607,0.6279178338001867,0.9719887955182073
train,-0.008395036,0.6279178338001867,0.9724556489262371
train,-0.008851275,0.630718954248366,0.9724556489262371
train,-0.008924291,0.630718954248366,0.972922502334267
train,-0.009164547,0.6311858076563959,0.972922502334267
train,-0.009218975,0.6311858076563959,0.9733893557422969
train,-0.009668427,0.6339869281045751,0.9733893557422969
train,-0.009808473,0.6339869281045751,0.9738562091503268
train,-0.011999708,0.6447245564892624,0.9738562091503268
train,-0.012013512,0.6447245564892624,0.9743230625583567
train,-0.01623689,0.6657329598506069,0.9743230625583567
train,-0.016338428,0.6657329598506069,0.9747899159663865
train,-0.01674004,0.6676003734827264,0.9747899159663865
train,-0.017046964,0.6676003734827264,0.9752567693744164
train,-0.020295413,0.6811391223155929,0.9752567693744164
train,-0.020368898,0.6811391223155929,0.9757236227824463
train,-0.021222975,0.6848739495798319,0.9757236227824463
train,-0.021244321,0.6848739495798319,0.9761904761904762
train,-0.021553105,0.6858076563958917,0.9761904761904762
train,-0.021924037,0.6858076563958917,0.976657329598506
train,-0.02334277,0.6918767507002801,0.976657329598506
train,-0.02343553,0.6918767507002801,0.9771241830065359
train,-0.023841431,0.6932773109243697,0.9771241830065359
train,-0.023929816,0.6932773109243697,0.9775910364145658
train,-0.024116067,0.6942110177404295,0.9775910364145658
train,-0.024256596,0.6942110177404295,0.9780578898225957
train,-0.032457605,0.7259570494864612,0.9780578898225957
train,-0.03258471,0.7259570494864612,0.9785247432306255
train,-0.033425044,0.7282913165266106,0.9785247432306255
train,-0.033638634,0.7282913165266106,0.9789915966386554
train,-0.034773808,0.7357609710550888,0.9789915966386554
train,-0.034775194,0.7357609710550888,0.9794584500466853
train,-0.035968393,0.7399626517273576,0.9794584500466853
train,-0.036117613,0.7399626517273576,0.9799253034547152
train,-0.036896758,0.7432306255835668,0.9799253034547152
train,-0.036915526,0.7432306255835668,0.9803921568627451
train,-0.038464267,0.7516339869281046,0.9803921568627451
train,-0.038501006,0.7516339869281046,0.9808590102707749
train,-0.040056404,0.7567693744164332,0.9808590102707749
train,-0.04007274,0.7567693744164332,0.9813258636788048
train,-0.042452294,0.7670401493930906,0.9813258636788048
train,-0.04315684,0.7670401493930906,0.9817927170868347
train,-0.043799255,0.7689075630252101,0.9817927170868347
train,-0.044195563,0.7689075630252101,0.9827264239028944
train,-0.048286233,0.780578898225957,0.9827264239028944
train,-0.048338942,0.780578898225957,0.9831932773109243
train,-0.04844552,0.7819794584500467,0.9831932773109243
train,-0.04861918,0.7819794584500467,0.9841269841269841
train,-0.05001513,0.7875816993464052,0.9841269841269841
train,-0.050059337,0.7875816993464052,0.9845938375350141
train,-0.05094527,0.7894491129785247,0.9845938375350141
train,-0.051106546,0.7894491129785247,0.9850606909430439
train,-0.05233082,0.7936507936507936,0.9850606909430439
train,-0.052338067,0.7936507936507936,0.9855275443510738
train,-0.052808773,0.7955182072829131,0.9855275443510738
train,-0.052831896,0.7955182072829131,0.9859943977591037
train,-0.05366593,0.7973856209150327,0.9859943977591037
train,-0.05376788,0.7973856209150327,0.9864612511671336
train,-0.05454757,0.7992530345471522,0.9864612511671336
train,-0.054554656,0.7992530345471522,0.9869281045751634
train,-0.054941863,0.8006535947712419,0.9869281045751634
train,-0.055651583,0.8006535947712419,0.9878618113912232
train,-0.056226633,0.8057889822595705,0.9878618113912232
train,-0.05624439,0.8057889822595705,0.9883286647992531
train,-0.056386437,0.80765639589169,0.9883286647992531
train,-0.05678825,0.80765639589169,0.988795518207283
train,-0.060224436,0.8235294117647058,0.988795518207283
train,-0.060307615,0.8235294117647058,0.9892623716153128
train,-0.067950174,0.8496732026143791,0.9892623716153128
train,-0.06832538,0.8496732026143791,0.9897292250233427
train,-0.068453394,0.8501400560224089,0.9897292250233427
train,-0.06867425,0.8501400560224089,0.9906629318394025
train,-0.07040084,0.8552754435107376,0.9906629318394025
train,-0.07048348,0.8552754435107376,0.9911297852474323
train,-0.071032576,0.8562091503267973,0.9911297852474323
train,-0.07103711,0.8562091503267973,0.9915966386554622
train,-0.07292331,0.8622782446311859,0.9915966386554622
train,-0.07298345,0.8622782446311859,0.9920634920634921
train,-0.07378993,0.8650793650793651,0.9920634920634921
train,-0.07381068,0.8650793650793651,0.992530345471522
train,-0.075721316,0.8734827264239029,0.992530345471522
train,-0.075809315,0.8734827264239029,0.9929971988795518
train,-0.076960646,0.8776844070961718,0.9929971988795518
train,-0.07697302,0.8776844070961718,0.9934640522875817
train,-0.07964451,0.8828197945845004,0.9934640522875817
train,-0.07972323,0.8828197945845004,0.9939309056956116
train,-0.07988331,0.8837535014005602,0.9939309056956116
train,-0.07994234,0.8837535014005602,0.9943977591036415
train,-0.09302845,0.9108309990662932,0.9943977591036415
train,-0.09305658,0.9108309990662932,0.9948646125116714
train,-0.0933011,0.911297852474323,0.9948646125116714
train,-0.09383319,0.911297852474323,0.9953314659197012
train,-0.097447515,0.9169000933706816,0.9953314659197012
train,-0.09746526,0.9169000933706816,0.9957983193277311
train,-0.11204973,0.9388422035480859,0.9957983193277311
train,-0.11226624,0.9388422035480859,0.996265172735761
train,-0.11273525,0.9397759103641457,0.996265172735761
train,-0.112871185,0.9397759103641457,0.9967320261437909
train,-0.114237964,0.9430438842203548,0.9967320261437909
train,-0.1144319,0.9430438842203548,0.9971988795518207
train,-0.12569515,0.9533146591970122,0.9971988795518207
train,-0.12570561,0.9533146591970122,0.9976657329598506
train,-0.13391058,0.9631185807656396,0.9976657329598506
train,-0.13413692,0.9631185807656396,0.9981325863678805
train,-0.13604052,0.9663865546218487,0.9981325863678805
train,-0.13733332,0.9663865546218487,0.9985994397759104
train,-0.1560469,0.9785247432306255,0.9985994397759104
train,-0.1563667,0.9785247432306255,0.9990662931839402
train,-0.17144191,0.9878618113912232,0.9990662931839402
train,-0.17174572,0.9878618113912232,0.9995331465919701
train,-0.23933056,1.0,0.9995331465919701
train,-0.24026814,1.0,1.0
validation,inf,0.0,0.0
validation,0.80986637,0.0,0.002178649237472767
validation,0.3445048,0.0,0.6034858387799564
validation,0.34315068,0.002178649237472767,0.6034858387799564
validation,0.30051687,0.002178649237472767,0.7080610021786492
validation,0.29768533,0.004357298474945534,0.7080610021786492
validation,0.26742437,0.004357298474945534,0.7429193899782135
validation,0.26631147,0.006535947712418301,0.7429193899782135
validation,0.25949723,0.006535947712418301,0.7581699346405228
validation,0.25374448,0.008714596949891068,0.7581699346405228
validation,0.24914138,0.008714596949891068,0.7668845315904139
validation,0.24898505,0.010893246187363835,0.7668845315904139
validation,0.24873795,0.010893246187363835,0.7690631808278867
validation,0.24757397,0.013071895424836602,0.7690631808278867
validation,0.24163774,0.013071895424836602,0.7734204793028322
validation,0.24071397,0.015250544662309368,0.7734204793028322
validation,0.22971827,0.015250544662309368,0.7930283224400871
validation,0.22804172,0.017429193899782137,0.7930283224400871
validation,0.2244262,0.017429193899782137,0.7973856209150327
validation,0.22435324,0.0196078431372549,0.7973856209150327
validation,0.21994364,0.0196078431372549,0.8082788671023965
validation,0.21894589,0.02178649237472767,0.8082788671023965
validation,0.21326949,0.02178649237472767,0.8169934640522876
validation,0.21076502,0.026143790849673203,0.8169934640522876
validation,0.20755674,0.026143790849673203,0.8235294117647058
validation,0.20374982,0.030501089324618737,0.8235294117647058
validation,0.20190376,0.030501089324618737,0.8257080610021786
validation,0.19975236,0.032679738562091505,0.8257080610021786
validation,0.19414173,0.032679738562091505,0.8366013071895425
validation,0.19341303,0.034858387799564274,0.8366013071895425
validation,0.19328505,0.034858387799564274,0.8387799564270153
validation,0.19145691,0.0392156862745098,0.8387799564270153
validation,0.18644553,0.0392156862745098,0.8431372549019608
validation,0.182395,0.05228758169934641,0.8431372549019608
validation,0.17757043,0.05228758169934641,0.8474945533769063
validation,0.17740361,0.054466230936819175,0.8474945533769063
validation,0.17650415,0.054466230936819175,0.8496732026143791
validation,0.17529963,0.05664488017429194,0.8496732026143791
validation,0.16994035,0.05664488017429194,0.8562091503267973
validation,0.1685392,0.058823529411764705,0.8562091503267973
validation,0.16773687,0.058823529411764705,0.8583877995642701
validation,0.16740316,0.06100217864923747,0.8583877995642701
validation,0.16228607,0.06100217864923747,0.8627450980392157
validation,0.1617418,0.06318082788671024,0.8627450980392157
validation,0.16149637,0.06318082788671024,0.8649237472766884
validation,0.1609208,0.06535947712418301,0.8649237472766884
validation,0.16017874,0.06535947712418301,0.8671023965141612
validation,0.15707836,0.06971677559912855,0.8671023965141612
validation,0.15643926,0.06971677559912855,0.8714596949891068
validation,0.15586403,0.07407407407407407,0.8714596949891068
validation,0.15557289,0.07407407407407407,0.8736383442265795
validation,0.15551898,0.07625272331154684,0.8736383442265795
validation,0.15536852,0.07625272331154684,0.8758169934640523
validation,0.15420231,0.0784313725490196,0.8758169934640523
validation,0.15122643,0.0784313725490196,0.8801742919389978
validation,0.1448451,0.09586056644880174,0.8801742919389978
validation,0.14351211,0.09586056644880174,0.8823529411764706
validation,0.13991372,0.09803921568627451,0.8823529411764706
validation,0.13841805,0.09803921568627451,0.8867102396514162
validation,0.1375711,0.10239651416122005,0.8867102396514162
validation,0.13729544,0.10239651416122005,0.8888888888888888
validation,0.13611951,0.10675381263616558,0.8888888888888888
validation,0.13582464,0.10675381263616558,0.8910675381263616
validation,0.12632312,0.11764705882352941,0.8910675381263616
validation,0.12621874,0.11764705882352941,0.8932461873638344
validation,0.1238505,0.11982570806100218,0.8932461873638344
validation,0.11946369,0.11982570806100218,0.9019607843137255
validation,0.11946168,0.12200435729847495,0.9019607843137255
validation,0.11944003,0.12200435729847495,0.9041394335511983
validation,0.1177864,0.12418300653594772,0.9041394335511983
validation,0.117602795,0.12418300653594772,0.906318082788671
validation,0.11721607,0.12636165577342048,0.906318082788671
validation,0.11494075,0.12636165577342048,0.9084967320261438
validation,0.11384429,0.1328976034858388,0.9084967320261438
validation,0.11172599,0.1328976034858388,0.9106753812636166
validation,0.10880388,0.14596949891067537,0.9106753812636166
validation,0.10845811,0.14596949891067537,0.9128540305010894
validation,0.10803185,0.14814814814814814,0.9128540305010894
validation,0.10786032,0.14814814814814814,0.9150326797385621
validation,0.10144141,0.17647058823529413,0.9150326797385621
validation,0.10138352,0.17647058823529413,0.9172113289760349
validation,0.099851415,0.18082788671023964,0.9172113289760349
validation,0.09720603,0.18082788671023964,0.9215686274509803
validation,0.096687116,0.1830065359477124,0.9215686274509803
validation,0.09654842,0.1830065359477124,0.9237472766884531
validation,0.088152654,0.2047930283224401,0.9237472766884531
validation,0.08793259,0.2047930283224401,0.9259259259259259
validation,0.08603338,0.21568627450980393,0.9259259259259259
validation,0.08546311,0.21568627450980393,0.9281045751633987
validation,0.08147202,0.23093681917211328,0.9281045751633987
validation,0.08098301,0.23093681917211328,0.9302832244008714
validation,0.07372759,0.2636165577342048,0.9302832244008714
validation,0.073468745,0.2636165577342048,0.9324618736383442
validation,0.07210128,0.2679738562091503,0.9324618736383442
validation,0.07200796,0.2679738562091503,0.9368191721132898
validation,0.06398576,0.3006535947712418,0.9368191721132898
validation,0.06335494,0.3006535947712418,0.9389978213507625
validation,0.056910947,0.32461873638344224,0.9389978213507625
validation,0.055301085,0.32461873638344224,0.9411764705882353
validation,0.055122994,0.32679738562091504,0.9411764705882353
validation,0.054352995,0.32679738562091504,0.9433551198257081
validation,0.0486769,0.355119825708061,0.9433551198257081
validation,0.047757067,0.355119825708061,0.9477124183006536
validation,0.04527081,0.3681917211328976,0.9477124183006536
validation,0.044943772,0.3681917211328976,0.9498910675381264
validation,0.03399588,0.45098039215686275,0.9498910675381264
validation,0.033839323,0.45098039215686275,0.9520697167755992
validation,0.032855142,0.4596949891067538,0.9520697167755992
validation,0.03200191,0.4596949891067538,0.954248366013072
validation,0.030640492,0.4662309368191721,0.954248366013072
validation,0.030288216,0.4662309368191721,0.9564270152505446
validation,0.02916899,0.47058823529411764,0.9564270152505446
validation,0.028666938,0.47058823529411764,0.9586056644880174
validation,0.024644129,0.49673202614379086,0.9586056644880174
validation,0.023485884,0.49673202614379086,0.9607843137254902
validation,0.022897212,0.5032679738562091,0.9607843137254902
validation,0.022838624,0.5032679738562091,0.9629629629629629
validation,0.014894676,0.5403050108932462,0.9629629629629629
validation,0.014776578,0.5403050108932462,0.9651416122004357
validation,-0.0032029098,0.6078431372549019,0.9651416122004357
validation,-0.004085614,0.6078431372549019,0.9673202614379085
validation,-0.005206303,0.6230936819172114,0.9673202614379085
validation,-0.005367625,0.6230936819172114,0.9694989106753813
validation,-0.0059138476,0.6274509803921569,0.9694989106753813
validation,-0.006552992,0.6274509803921569,0.971677559912854
validation,-0.009398208,0.6405228758169934,0.971677559912854
validation,-0.010280171,0.6405228758169934,0.9738562091503268
validation,-0.011620642,0.644880174291939,0.9738562091503268
validation,-0.011676378,0.644880174291939,0.9760348583877996
validation,-0.01676039,0.6797385620915033,0.9760348583877996
validation,-0.017795196,0.6797385620915033,0.9782135076252724
validation,-0.023106629,0.6993464052287581,0.9782135076252724
validation,-0.0240442,0.6993464052287581,0.9803921568627451
validation,-0.029196037,0.7167755991285403,0.9803921568627451
validation,-0.030559484,0.7167755991285403,0.9825708061002179
validation,-0.039125748,0.7450980392156863,0.9825708061002179
validation,-0.040100332,0.7450980392156863,0.9847494553376906
validation,-0.040593866,0.7472766884531591,0.9847494553376906
validation,-0.04108544,0.7472766884531591,0.9869281045751634
validation,-0.05171458,0.7821350762527233,0.9869281045751634
validation,-0.05226183,0.7821350762527233,0.9891067538126361
validation,-0.06387767,0.8300653594771242,0.9891067538126361
validation,-0.065032504,0.8300653594771242,0.9912854030501089
validation,-0.08087045,0.8888888888888888,0.9912854030501089
validation,-0.08143025,0.8888888888888888,0.9934640522875817
validation,-0.087791994,0.9150326797385621,0.9934640522875817
validation,-0.089287765,0.9150326797385621,0.9978213507625272
validation,-0.11992964,0.9586056644880174,0.9978213507625272
validation,-0.12809439,0.9586056644880174,1.0
validation,-0.24953835,1.0,1.0
test,inf,0.0,0.0
test,0.85930306,0.0,0.002178649237472767
test,0.364302,0.0,0.6339869281045751
test,0.36350918,0.002178649237472767,0.6339869281045751
test,0.35235873,0.002178649237472767,0.6492374727668845
test,0.35170075,0.004357298474945534,0.6492374727668845
test,0.33617026,0.004357298474945534,0.6775599128540305
test,0.33596775,0.006535947712418301,0.6775599128540305
test,0.33271155,0.006535947712418301,0.6862745098039216
test,0.331722,0.008714596949891068,0.6862745098039216
test,0.32319078,0.008714596949891068,0.6993464052287581
test,0.32317165,0.010893246187363835,0.6993464052287581
test,0.32150558,0.010893246187363835,0.7080610021786492
test,0.3194045,0.013071895424836602,0.7080610021786492
test,0.25142723,0.013071895424836602,0.7668845315904139
test,0.25136578,0.015250544662309368,0.7668845315904139
test,0.25031573,0.015250544662309368,0.7690631808278867
test,0.24758272,0.017429193899782137,0.7690631808278867
test,0.24343306,0.017429193899782137,0.775599128540305
test,0.24217644,0.0196078431372549,0.775599128540305
test,0.23272534,0.0196078431372549,0.7908496732026143
test,0.22992413,0.02178649237472767,0.7908496732026143
test,0.22938201,0.02178649237472767,0.7930283224400871
test,0.2263708,0.026143790849673203,0.7930283224400871
test,0.22466663,0.026143790849673203,0.803921568627451
test,0.22302651,0.02832244008714597,0.803921568627451
test,0.21421035,0.02832244008714597,0.8126361655773421
test,0.21270372,0.030501089324618737,0.8126361655773421
test,0.21115912,0.030501089324618737,0.8191721132897604
test,0.2060991,0.04139433551198257,0.8191721132897604
test,0.19866884,0.04139433551198257,0.8235294117647058
test,0.198474,0.04357298474945534,0.8235294117647058
test,0.19708306,0.04357298474945534,0.8278867102396514
test,0.1931814,0.04793028322440087,0.8278867102396514
test,0.19295013,0.04793028322440087,0.8300653594771242
test,0.19211477,0.05010893246187364,0.8300653594771242
test,0.19140415,0.05010893246187364,0.8344226579520697
test,0.19050789,0.05228758169934641,0.8344226579520697
test,0.18976417,0.05228758169934641,0.8366013071895425
test,0.18952523,0.054466230936819175,0.8366013071895425
test,0.1850664,0.054466230936819175,0.8453159041394336
test,0.1820185,0.06535947712418301,0.8453159041394336
test,0.17928869,0.06535947712418301,0.8496732026143791
test,0.17643091,0.06971677559912855,0.8496732026143791
test,0.17505193,0.06971677559912855,0.8540305010893247
test,0.1732009,0.0718954248366013,0.8540305010893247
test,0.17019078,0.0718954248366013,0.8605664488017429
test,0.16971144,0.07407407407407407,0.8605664488017429
test,0.16881844,0.07407407407407407,0.8627450980392157
test,0.16304514,0.0915032679738562,0.8627450980392157
test,0.15546066,0.0915032679738562,0.8736383442265795
test,0.15171109,0.09586056644880174,0.8736383442265795
test,0.15031675,0.09586056644880174,0.8758169934640523
test,0.14942974,0.09803921568627451,0.8758169934640523
test,0.14927389,0.09803921568627451,0.8801742919389978
test,0.14517125,0.10457516339869281,0.8801742919389978
test,0.14318049,0.10457516339869281,0.8823529411764706
test,0.1411741,0.10675381263616558,0.8823529411764706
test,0.140886,0.10675381263616558,0.8845315904139434
test,0.13974631,0.11328976034858387,0.8845315904139434
test,0.13973102,0.11328976034858387,0.8867102396514162
test,0.1376392,0.11764705882352941,0.8867102396514162
test,0.13724473,0.11764705882352941,0.8888888888888888
test,0.13276339,0.12418300653594772,0.8888888888888888
test,0.1315721,0.12418300653594772,0.8910675381263616
test,0.12800606,0.1394335511982571,0.8910675381263616
test,0.12616506,0.1394335511982571,0.8932461873638344
test,0.12592666,0.14161220043572983,0.8932461873638344
test,0.124979705,0.14161220043572983,0.8976034858387799
test,0.12492923,0.1437908496732026,0.8976034858387799
test,0.121334925,0.1437908496732026,0.9019607843137255
test,0.1140285,0.1568627450980392,0.9019607843137255
test,0.1124458,0.1568627450980392,0.9041394335511983
test,0.11228694,0.15904139433551198,0.9041394335511983
test,0.1105659,0.15904139433551198,0.9106753812636166
test,0.11048177,0.16122004357298475,0.9106753812636166
test,0.110261776,0.16122004357298475,0.9128540305010894
test,0.10592448,0.16993464052287582,0.9128540305010894
test,0.102057666,0.16993464052287582,0.9172113289760349
test,0.09872646,0.1895424836601307,0.9172113289760349
test,0.09869261,0.1895424836601307,0.9193899782135077
test,0.09512433,0.19825708061002179,0.9193899782135077
test,0.09437792,0.19825708061002179,0.9215686274509803
test,0.09223708,0.20043572984749455,0.9215686274509803
test,0.09055492,0.20043572984749455,0.9237472766884531
test,0.08679228,0.2113289760348584,0.9237472766884531
test,0.08656214,0.2113289760348584,0.9259259259259259
test,0.08294879,0.23311546840958605,0.9259259259259259
test,0.08293477,0.23311546840958605,0.9281045751633987
test,0.079163864,0.2440087145969499,0.9281045751633987
test,0.07906332,0.2440087145969499,0.9302832244008714
test,0.07784556,0.24836601307189543,0.9302832244008714
test,0.07678553,0.24836601307189543,0.934640522875817
test,0.06533397,0.3006535947712418,0.934640522875817
test,0.06448748,0.3006535947712418,0.9368191721132898
test,0.057280343,0.3333333333333333,0.9368191721132898
test,0.05701417,0.3333333333333333,0.9389978213507625
test,0.051130977,0.35076252723311546,0.9389978213507625
test,0.050880603,0.35076252723311546,0.9411764705882353
test,0.04601206,0.37254901960784315,0.9411764705882353
test,0.0458976,0.37254901960784315,0.9433551198257081
test,0.04398179,0.3769063180827887,0.9433551198257081
test,0.042881787,0.3769063180827887,0.9477124183006536
test,0.042230353,0.3812636165577342,0.9477124183006536
test,0.041628063,0.3812636165577342,0.9498910675381264
test,0.038183123,0.39433551198257083,0.9498910675381264
test,0.038030677,0.39433551198257083,0.9520697167755992
test,0.035926905,0.40522875816993464,0.9520697167755992
test,0.035808276,0.40522875816993464,0.954248366013072
test,0.029827412,0.4400871459694989,0.954248366013072
test,0.029306501,0.4400871459694989,0.9564270152505446
test,0.025657179,0.4531590413943355,0.9564270152505446
test,0.024688601,0.4531590413943355,0.9586056644880174
test,0.014189121,0.4923747276688453,0.9586056644880174
test,0.013753322,0.4923747276688453,0.9607843137254902
test,0.01329267,0.49455337690631807,0.9607843137254902
test,0.012575731,0.49455337690631807,0.9651416122004357
test,0.009634086,0.5163398692810458,0.9651416122004357
test,0.009216102,0.5163398692810458,0.9694989106753813
test,0.006958641,0.5228758169934641,0.9694989106753813
test,0.00692474,0.5228758169934641,0.971677559912854
test,0.0023704926,0.5490196078431373,0.971677559912854
test,0.001933132,0.5490196078431373,0.9738562091503268
test,0.0011472839,0.5555555555555556,0.9738562091503268
test,-0.0002569605,0.5555555555555556,0.9782135076252724
test,-0.0028313359,0.5599128540305011,0.9782135076252724
test,-0.0039898595,0.5599128540305011,0.9803921568627451
test,-0.0072449944,0.5816993464052288,0.9803921568627451
test,-0.0074239457,0.5816993464052288,0.9825708061002179
test,-0.010993995,0.6013071895424836,0.9825708061002179
test,-0.011216324,0.6013071895424836,0.9847494553376906
test,-0.018441785,0.6383442265795207,0.9847494553376906
test,-0.019230314,0.6383442265795207,0.9891067538126361
test,-0.025502564,0.6710239651416122,0.9891067538126361
test,-0.026275754,0.6710239651416122,0.9912854030501089
test,-0.048043013,0.775599128540305,0.9912854030501089
test,-0.048203874,0.775599128540305,0.9934640522875817
test,-0.11059514,0.9259259259259259,0.9934640522875817
test,-0.11154074,0.9259259259259259,0.9956427015250545
test,-0.12292519,0.9455337690631809,0.9956427015250545
test,-0.12380644,0.9455337690631809,0.9978213507625272
test,-0.16258968,0.9803921568627451,0.9978213507625272
test,-0.16328335,0.9803921568627451,1.0
test,-0.24367215,1.0,1.0
