split,threshold,far,frr,tar,tnr
train,inf,0.0,1.0,0.0,1.0
train,0.9828951,0.0,0.9995331465919701,0.00046685340802987864,1.0
train,0.7945587,0.0,0.834733893557423,0.16526610644257703,1.0
train,0.79452205,0.00046685340802987864,0.834733893557423,0.16526610644257703,0.9995331465919701
train,0.7321257,0.00046685340802987864,0.6661998132586369,0.3338001867413632,0.9995331465919701
train,0.7315538,0.0009337068160597573,0.6661998132586369,0.3338001867413632,0.9990662931839402
train,0.716047,0.0009337068160597573,0.6181139122315593,0.3818860877684407,0.9990662931839402
train,0.71602803,0.0014005602240896359,0.6181139122315593,0.3818860877684407,0.9985994397759104
train,0.7074807,0.0014005602240896359,0.5859010270774976,0.41409897292250236,0.9985994397759104
train,0.70735776,0.0018674136321195146,0.5859010270774976,0.41409897292250236,0.9981325863678805
train,0.6918284,0.0018674136321195146,0.5359477124183006,0.46405228758169936,0.9981325863678805
train,0.69181496,0.002334267040149393,0.5359477124183006,0.46405228758169936,0.9976657329598506
train,0.68847835,0.002334267040149393,0.5252100840336135,0.47478991596638653,0.9976657329598506
train,0.68845654,0.0028011204481792717,0.5252100840336135,0.47478991596638653,0.9971988795518207
train,0.6823794,0.0028011204481792717,0.5046685340802988,0.49533146591970123,0.9971988795518207
train,0.68234366,0.0032679738562091504,0.5046685340802988,0.49533146591970123,0.9967320261437909
train,0.66485643,0.0032679738562091504,0.4491129785247432,0.5508870214752568,0.9967320261437909
train,0.6647189,0.003734827264239029,0.4491129785247432,0.5508870214752568,0.996265172735761
train,0.6635972,0.003734827264239029,0.4453781512605042,0.5546218487394958,0.996265172735761
train,0.6635823,0.004201680672268907,0.4453781512605042,0.5546218487394958,0.9957983193277311
train,0.65890795,0.004201680672268907,0.42997198879551823,0.5700280112044818,0.9957983193277311
train,0.65886605,0.004668534080298786,0.42997198879551823,0.5700280112044818,0.9953314659197012
train,0.65853304,0.004668534080298786,0.4285714285714286,0.5714285714285714,0.9953314659197012
train,0.65838164,0.005135387488328665,0.4285714285714286,0.5714285714285714,0.9948646125116714
train,0.65508825,0.005135387488328665,0.4206349206349206,0.5793650793650794,0.9948646125116714
train,0.6550789,0.0056022408963585435,0.4206349206349206,0.5793650793650794,0.9943977591036415
train,0.6547981,0.0056022408963585435,0.4201680672268907,0.5798319327731093,0.9943977591036415
train,0.6547157,0.006069094304388422,0.4201680672268907,0.5798319327731093,0.9939309056956116
train,0.64489967,0.006069094304388422,0.396358543417367,0.603641456582633,0.9939309056956116
train,0.64434856,0.006535947712418301,0.396358543417367,0.603641456582633,0.9934640522875817
train,0.64098376,0.006535947712418301,0.38842203548085896,0.611577964519141,0.9934640522875817
train,0.64057016,0.0070028011204481795,0.38842203548085896,0.611577964519141,0.9929971988795518
train,0.63206494,0.0070028011204481795,0.369281045751634,0.630718954248366,0.9929971988795518
train,0.6318964,0.007469654528478058,0.369281045751634,0.630718954248366,0.992530345471522
train,0.6294702,0.007469654528478058,0.36461251167133524,0.6353874883286648,0.992530345471522
train,0.62920016,0.008403361344537815,0.36461251167133524,0.6353874883286648,0.9915966386554622
train,0.6290636,0.008403361344537815,0.3636788048552755,0.6363211951447245,0.9915966386554622
train,0.6290362,0.008870214752567693,0.3636788048552755,0.6363211951447245,0.9911297852474323
train,0.6276507,0.008870214752567693,0.361811391223156,0.638188608776844,0.9911297852474323
train,0.6275392,0.009337068160597572,0.361811391223156,0.638188608776844,0.9906629318394025
train,0.6236936,0.009337068160597572,0.35387488328664796,0.646125116713352,0.9906629318394025
train,0.62353337,0.00980392156862745,0.35387488328664796,0.646125116713352,0.9901960784313726
train,0.6186912,0.00980392156862745,0.33986928104575165,0.6601307189542484,0.9901960784313726
train,0.6185577,0.01027077497665733,0.33986928104575165,0.6601307189542484,0.9897292250233427
train,0.61528033,0.01027077497665733,0.3342670401493931,0.6657329598506069,0.9897292250233427
train,0.6150433,0.010737628384687208,0.3342670401493931,0.6657329598506069,0.9892623716153128
train,0.611967,0.010737628384687208,0.326797385620915,0.673202614379085,0.9892623716153128
train,0.6119049,0.011204481792717087,0.326797385620915,0.673202614379085,0.988795518207283
train,0.60964775,0.011204481792717087,0.32119514472455646,0.6788048552754435,0.988795518207283
train,0.609425,0.011671335200746966,0.32119514472455646,0.6788048552754435,0.9883286647992531
train,0.6090742,0.011671335200746966,0.3207282913165266,0.6792717086834734,0.9883286647992531
train,0.60891885,0.012138188608776844,0.3207282913165266,0.6792717086834734,0.9878618113912232
train,0.60843134,0.012138188608776844,0.3197945845004668,0.6802054154995332,0.9878618113912232
train,0.60831624,0.012605042016806723,0.3197945845004668,0.6802054154995332,0.9873949579831933
train,0.606966,0.012605042016806723,0.3141923436041083,0.6858076563958917,0.9873949579831933
train,0.6068764,0.013071895424836602,0.3141923436041083,0.6858076563958917,0.9869281045751634
train,0.6057088,0.013071895424836602,0.31092436974789917,0.6890756302521008,0.9869281045751634
train,0.60547864,0.01353874883286648,0.31092436974789917,0.6890756302521008,0.9864612511671336
train,0.6033612,0.01353874883286648,0.3067226890756303,0.6932773109243697,0.9864612511671336
train,0.6032536,0.014005602240896359,0.3067226890756303,0.6932773109243697,0.9859943977591037
train,0.6026291,0.014005602240896359,0.3043884220354809,0.6956115779645191,0.9859943977591037
train,0.6024915,0.014472455648926238,0.3043884220354809,0.6956115779645191,0.9855275443510738
train,0.60110384,0.014472455648926238,0.3020541549953315,0.6979458450046685,0.9855275443510738
train,0.60088277,0.014939309056956116,0.3020541549953315,0.6979458450046685,0.9850606909430439
train,0.5974189,0.014939309056956116,0.2936507936507936,0.7063492063492064,0.9850606909430439
train,0.5970934,0.015406162464985995,0.2936507936507936,0.7063492063492064,0.9845938375350141
train,0.5962364,0.015406162464985995,0.2917833800186741,0.7082166199813259,0.9845938375350141
train,0.59583753,0.015873015873015872,0.2917833800186741,0.7082166199813259,0.9841269841269842
train,0.59547704,0.015873015873015872,0.2913165266106442,0.7086834733893558,0.9841269841269842
train,0.5952269,0.016339869281045753,0.2913165266106442,0.7086834733893558,0.9836601307189542
train,0.59469855,0.016339869281045753,0.2899159663865546,0.7100840336134454,0.9836601307189542
train,0.5946511,0.01680672268907563,0.2899159663865546,0.7100840336134454,0.9831932773109243
train,0.59353906,0.01680672268907563,0.28711484593837533,0.7128851540616247,0.9831932773109243
train,0.59303254,0.01727357609710551,0.28711484593837533,0.7128851540616247,0.9827264239028944
train,0.5913982,0.01727357609710551,0.2833800186741363,0.7166199813258637,0.9827264239028944
train,0.59134465,0.017740429505135387,0.2833800186741363,0.7166199813258637,0.9822595704948646
train,0.58265716,0.017740429505135387,0.27030812324929976,0.7296918767507002,0.9822595704948646
train,0.582654,0.018207282913165267,0.27030812324929976,0.7296918767507002,0.9817927170868347
train,0.5823006,0.018207282913165267,0.26937441643324,0.73062558356676,0.9817927170868347
train,0.58184445,0.018674136321195144,0.26937441643324,0.73062558356676,0.9813258636788048
train,0.5817553,0.018674136321195144,0.26890756302521013,0.7310924369747899,0.9813258636788048
train,0.5815647,0.019140989729225025,0.26890756302521013,0.7310924369747899,0.9808590102707749
train,0.578925,0.019140989729225025,0.2647058823529411,0.7352941176470589,0.9808590102707749
train,0.5788549,0.0196078431372549,0.2647058823529411,0.7352941176470589,0.9803921568627451
train,0.5763457,0.0196078431372549,0.26050420168067223,0.7394957983193278,0.9803921568627451
train,0.5758914,0.020074696545284782,0.26050420168067223,0.7394957983193278,0.9799253034547152
train,0.57477194,0.020074696545284782,0.25770308123249297,0.742296918767507,0.9799253034547152
train,0.5737848,0.02054154995331466,0.25770308123249297,0.742296918767507,0.9794584500466853
train,0.5719505,0.02054154995331466,0.25443510737628383,0.7455648926237162,0.9794584500466853
train,0.57192653,0.02100840336134454,0.25443510737628383,0.7455648926237162,0.9789915966386554
train,0.56880265,0.02100840336134454,0.2507002801120448,0.7492997198879552,0.9789915966386554
train,0.5681279,0.022408963585434174,0.2507002801120448,0.7492997198879552,0.9775910364145658
train,0.5653747,0.022408963585434174,0.24369747899159666,0.7563025210084033,0.9775910364145658
train,0.56389445,0.02287581699346405,0.24369747899159666,0.7563025210084033,0.9771241830065359
train,0.5631251,0.02287581699346405,0.2427637721755369,0.7572362278244631,0.9771241830065359
train,0.5627973,0.02334267040149393,0.2427637721755369,0.7572362278244631,0.976657329598506
train,0.5598688,0.02334267040149393,0.2390289449112979,0.7609710550887021,0.976657329598506
train,0.5596997,0.023809523809523808,0.2390289449112979,0.7609710550887021,0.9761904761904762
train,0.55902165,0.023809523809523808,0.23716153127917838,0.7628384687208216,0.9761904761904762
train,0.5589828,0.02427637721755369,0.23716153127917838,0.7628384687208216,0.9757236227824463
train,0.55867296,0.02427637721755369,0.2366946778711485,0.7633053221288515,0.9757236227824463
train,0.5582604,0.024743230625583566,0.2366946778711485,0.7633053221288515,0.9752567693744164
train,0.55777293,0.024743230625583566,0.23622782446311863,0.7637721755368814,0.9752567693744164
train,0.55750865,0.025210084033613446,0.23622782446311863,0.7637721755368814,0.9747899159663865
train,0.5565286,0.025210084033613446,0.234360410830999,0.765639589169001,0.9747899159663865
train,0.55640024,0.025676937441643323,0.234360410830999,0.765639589169001,0.9743230625583567
train,0.5559231,0.025676937441643323,0.2324929971988795,0.7675070028011205,0.9743230625583567
train,0.55572397,0.026143790849673203,0.2324929971988795,0.7675070028011205,0.9738562091503268
train,0.5543153,0.026143790849673203,0.23062558356676,0.76937441643324,0.9738562091503268
train,0.55400777,0.02661064425770308,0.23062558356676,0.76937441643324,0.9733893557422969
train,0.5537789,0.02661064425770308,0.22969187675070024,0.7703081232492998,0.9733893557422969
train,0.5535782,0.027544351073762838,0.22969187675070024,0.7703081232492998,0.9724556489262371
train,0.5524405,0.027544351073762838,0.22735760971055086,0.7726423902894491,0.9724556489262371
train,0.55231833,0.028011204481792718,0.22735760971055086,0.7726423902894491,0.9719887955182073
train,0.5516044,0.028011204481792718,0.22595704948646123,0.7740429505135388,0.9719887955182073
train,0.55126286,0.028944911297852476,0.22595704948646123,0.7740429505135388,0.9710550887021475
train,0.550265,0.028944911297852476,0.22502334267040147,0.7749766573295985,0.9710550887021475
train,0.55012757,0.029411764705882353,0.22502334267040147,0.7749766573295985,0.9705882352941176
train,0.5498117,0.029411764705882353,0.22408963585434172,0.7759103641456583,0.9705882352941176
train,0.54969776,0.029878618113912233,0.22408963585434172,0.7759103641456583,0.9701213818860878
train,0.5482294,0.029878618113912233,0.2222222222222222,0.7777777777777778,0.9701213818860878
train,0.5472261,0.03081232492997199,0.2222222222222222,0.7777777777777778,0.969187675070028
train,0.5448506,0.03081232492997199,0.21802054154995332,0.7819794584500467,0.969187675070028
train,0.54475325,0.03127917833800187,0.21802054154995332,0.7819794584500467,0.9687208216619981
train,0.5443545,0.03127917833800187,0.2161531279178338,0.7838468720821662,0.9687208216619981
train,0.5435473,0.031746031746031744,0.2161531279178338,0.7838468720821662,0.9682539682539683
train,0.5434556,0.031746031746031744,0.21568627450980393,0.7843137254901961,0.9682539682539683
train,0.5433589,0.03221288515406162,0.21568627450980393,0.7843137254901961,0.9677871148459384
train,0.5428869,0.03221288515406162,0.21335200746965455,0.7866479925303455,0.9677871148459384
train,0.5428522,0.032679738562091505,0.21335200746965455,0.7866479925303455,0.9673202614379085
train,0.5385521,0.032679738562091505,0.20868347338935578,0.7913165266106442,0.9673202614379085
train,0.53850555,0.03314659197012138,0.20868347338935578,0.7913165266106442,0.9668534080298786
train,0.5379503,0.03314659197012138,0.20774976657329602,0.792250233426704,0.9668534080298786
train,0.5378287,0.034080298786181136,0.20774976657329602,0.792250233426704,0.9659197012138189
train,0.5377351,0.034080298786181136,0.20728291316526615,0.7927170868347339,0.9659197012138189
train,0.53746575,0.03454715219421102,0.20728291316526615,0.7927170868347339,0.965452847805789
train,0.53725034,0.03454715219421102,0.20681605975723627,0.7931839402427637,0.965452847805789
train,0.5372047,0.0350140056022409,0.20681605975723627,0.7931839402427637,0.9649859943977591
train,0.5370305,0.0350140056022409,0.2063492063492064,0.7936507936507936,0.9649859943977591
train,0.5367238,0.035480859010270774,0.2063492063492064,0.7936507936507936,0.9645191409897292
train,0.5366986,0.035480859010270774,0.20588235294117652,0.7941176470588235,0.9645191409897292
train,0.5362813,0.036414565826330535,0.20588235294117652,0.7941176470588235,0.9635854341736695
train,0.5360174,0.036414565826330535,0.20541549953314664,0.7945845004668534,0.9635854341736695
train,0.53594226,0.03734827264239029,0.20541549953314664,0.7945845004668534,0.9626517273576097
train,0.53593963,0.03734827264239029,0.20494864612511676,0.7950513538748832,0.9626517273576097
train,0.5355452,0.037815126050420166,0.20494864612511676,0.7950513538748832,0.9621848739495799
train,0.53526956,0.037815126050420166,0.20448179271708689,0.7955182072829131,0.9621848739495799
train,0.533091,0.03968253968253968,0.20448179271708689,0.7955182072829131,0.9603174603174603
train,0.5330084,0.03968253968253968,0.20354808590102713,0.7964519140989729,0.9603174603174603
train,0.53261226,0.04108309990662932,0.20354808590102713,0.7964519140989729,0.9589169000933707
train,0.5310913,0.04108309990662932,0.2016806722689075,0.7983193277310925,0.9589169000933707
train,0.53094363,0.041549953314659195,0.2016806722689075,0.7983193277310925,0.9584500466853408
train,0.5302482,0.041549953314659195,0.199813258636788,0.800186741363212,0.9584500466853408
train,0.5302052,0.04201680672268908,0.199813258636788,0.800186741363212,0.957983193277311
train,0.5292792,0.04201680672268908,0.19701213818860874,0.8029878618113913,0.957983193277311
train,0.5290899,0.042483660130718956,0.19701213818860874,0.8029878618113913,0.9575163398692811
train,0.52893597,0.042483660130718956,0.19654528478057887,0.8034547152194211,0.9575163398692811
train,0.52860683,0.04341736694677871,0.19654528478057887,0.8034547152194211,0.9565826330532213
train,0.52827495,0.04341736694677871,0.19514472455648924,0.8048552754435108,0.9565826330532213
train,0.52798545,0.04435107376283847,0.19514472455648924,0.8048552754435108,0.9556489262371616
train,0.5256958,0.04435107376283847,0.19094304388422034,0.8090569561157797,0.9556489262371616
train,0.5253484,0.045284780578898225,0.19094304388422034,0.8090569561157797,0.9547152194211018
train,0.5242866,0.045284780578898225,0.1876750700280112,0.8123249299719888,0.9547152194211018
train,0.52381444,0.046218487394957986,0.1876750700280112,0.8123249299719888,0.953781512605042
train,0.52258193,0.046218487394957986,0.18440709617180207,0.8155929038281979,0.953781512605042
train,0.5225765,0.04668534080298786,0.18440709617180207,0.8155929038281979,0.9533146591970121
train,0.52246594,0.04668534080298786,0.1839402427637722,0.8160597572362278,0.9533146591970121
train,0.52244616,0.04715219421101774,0.1839402427637722,0.8160597572362278,0.9528478057889822
train,0.5224119,0.04715219421101774,0.1834733893557423,0.8165266106442577,0.9528478057889822
train,0.5220918,0.047619047619047616,0.1834733893557423,0.8165266106442577,0.9523809523809523
train,0.52069974,0.047619047619047616,0.18020541549953317,0.8197945845004668,0.9523809523809523
train,0.5200901,0.04855275443510738,0.18020541549953317,0.8197945845004668,0.9514472455648926
train,0.51737213,0.04855275443510738,0.17507002801120453,0.8249299719887955,0.9514472455648926
train,0.5167208,0.04948646125116713,0.17507002801120453,0.8249299719887955,0.9505135387488328
train,0.516645,0.04948646125116713,0.17460317460317465,0.8253968253968254,0.9505135387488328
train,0.5157015,0.051353874883286646,0.17460317460317465,0.8253968253968254,0.9486461251167133
train,0.514878,0.051353874883286646,0.1736694677871149,0.8263305322128851,0.9486461251167133
train,0.5145827,0.05228758169934641,0.1736694677871149,0.8263305322128851,0.9477124183006536
train,0.51409817,0.05228758169934641,0.17180205415499528,0.8281979458450047,0.9477124183006536
train,0.5137286,0.05322128851540616,0.17180205415499528,0.8281979458450047,0.9467787114845938
train,0.513718,0.05322128851540616,0.17086834733893552,0.8291316526610645,0.9467787114845938
train,0.5132968,0.05415499533146592,0.17086834733893552,0.8291316526610645,0.945845004668534
train,0.5126628,0.05415499533146592,0.16993464052287577,0.8300653594771242,0.945845004668534
train,0.51261306,0.0546218487394958,0.16993464052287577,0.8300653594771242,0.9453781512605042
train,0.51035,0.0546218487394958,0.1671335200746965,0.8328664799253035,0.9453781512605042
train,0.51011616,0.055088702147525676,0.1671335200746965,0.8328664799253035,0.9449112978524743
train,0.5092832,0.055088702147525676,0.16619981325863675,0.8338001867413632,0.9449112978524743
train,0.50897384,0.05555555555555555,0.16619981325863675,0.8338001867413632,0.9444444444444444
train,0.5081502,0.05555555555555555,0.16479925303454712,0.8352007469654529,0.9444444444444444
train,0.5081144,0.056022408963585436,0.16479925303454712,0.8352007469654529,0.9439775910364145
train,0.5075737,0.056022408963585436,0.16386554621848737,0.8361344537815126,0.9439775910364145
train,0.5069704,0.05648926237161531,0.16386554621848737,0.8361344537815126,0.9435107376283847
train,0.50612986,0.05648926237161531,0.16199813258636786,0.8380018674136321,0.9435107376283847
train,0.505967,0.05742296918767507,0.16199813258636786,0.8380018674136321,0.9425770308123249
train,0.5042735,0.05742296918767507,0.16059757236227823,0.8394024276377218,0.9425770308123249
train,0.5041672,0.05788982259570495,0.16059757236227823,0.8394024276377218,0.942110177404295
train,0.5030022,0.05788982259570495,0.1568627450980392,0.8431372549019608,0.942110177404295
train,0.50242674,0.05835667600373483,0.1568627450980392,0.8431372549019608,0.9416433239962652
train,0.50229406,0.05835667600373483,0.15592903828197946,0.8440709617180205,0.9416433239962652
train,0.5021354,0.058823529411764705,0.15592903828197946,0.8440709617180205,0.9411764705882353
train,0.5013891,0.058823529411764705,0.15452847805788983,0.8454715219421102,0.9411764705882353
train,0.50113976,0.05929038281979458,0.15452847805788983,0.8454715219421102,0.9407096171802054
train,0.49965012,0.05929038281979458,0.15172735760971057,0.8482726423902894,0.9407096171802054
train,0.4993589,0.059757236227824466,0.15172735760971057,0.8482726423902894,0.9402427637721755
train,0.4980989,0.059757236227824466,0.14985994397759106,0.8501400560224089,0.9402427637721755
train,0.49808368,0.06022408963585434,0.14985994397759106,0.8501400560224089,0.9397759103641457
train,0.49800095,0.06022408963585434,0.1489262371615313,0.8510737628384687,0.9397759103641457
train,0.49765655,0.0611577964519141,0.1489262371615313,0.8510737628384687,0.9388422035480859
train,0.49712664,0.0611577964519141,0.14799253034547155,0.8520074696545284,0.9388422035480859
train,0.49702176,0.06162464985994398,0.14799253034547155,0.8520074696545284,0.938375350140056
train,0.49663833,0.06162464985994398,0.1470588235294118,0.8529411764705882,0.938375350140056
train,0.49656117,0.06255835667600373,0.1470588235294118,0.8529411764705882,0.9374416433239963
train,0.49649322,0.06255835667600373,0.14659197012138192,0.8534080298786181,0.9374416433239963
train,0.49573496,0.06302521008403361,0.14659197012138192,0.8534080298786181,0.9369747899159664
train,0.49457738,0.06302521008403361,0.14565826330532217,0.8543417366946778,0.9369747899159664
train,0.49443924,0.06349206349206349,0.14565826330532217,0.8543417366946778,0.9365079365079365
train,0.49281687,0.06349206349206349,0.14332399626517278,0.8566760037348272,0.9365079365079365
train,0.49250892,0.06442577030812324,0.14332399626517278,0.8566760037348272,0.9355742296918768
train,0.4918978,0.06442577030812324,0.14145658263305327,0.8585434173669467,0.9355742296918768
train,0.49156132,0.06535947712418301,0.14145658263305327,0.8585434173669467,0.934640522875817
train,0.49154156,0.06535947712418301,0.1409897292250234,0.8590102707749766,0.934640522875817
train,0.49147654,0.06582633053221289,0.1409897292250234,0.8590102707749766,0.9341736694677871
train,0.49026972,0.06582633053221289,0.13958916900093365,0.8604108309990663,0.9341736694677871
train,0.4895651,0.06722689075630252,0.13958916900093365,0.8604108309990663,0.9327731092436975
train,0.48942807,0.06722689075630252,0.1386554621848739,0.8613445378151261,0.9327731092436975
train,0.48941135,0.0676937441643324,0.1386554621848739,0.8613445378151261,0.9323062558356676
train,0.4891768,0.0676937441643324,0.13772175536881415,0.8622782446311859,0.9323062558356676
train,0.48798585,0.0700280112044818,0.13772175536881415,0.8622782446311859,0.9299719887955182
train,0.48796585,0.0700280112044818,0.13725490196078427,0.8627450980392157,0.9299719887955182
train,0.4872866,0.07142857142857142,0.13725490196078427,0.8627450980392157,0.9285714285714286
train,0.48692802,0.07142857142857142,0.1367880485527544,0.8632119514472456,0.9285714285714286
train,0.48645002,0.0718954248366013,0.1367880485527544,0.8632119514472456,0.9281045751633987
train,0.4862664,0.0718954248366013,0.13585434173669464,0.8641456582633054,0.9281045751633987
train,0.48592165,0.07236227824463119,0.13585434173669464,0.8641456582633054,0.9276377217553688
train,0.48588452,0.07236227824463119,0.13538748832866476,0.8646125116713352,0.9276377217553688
train,0.48582008,0.07329598506069095,0.13538748832866476,0.8646125116713352,0.9267040149393091
train,0.484267,0.07329598506069095,0.13305322128851538,0.8669467787114846,0.9267040149393091
train,0.48411226,0.0742296918767507,0.13305322128851538,0.8669467787114846,0.9257703081232493
train,0.48385045,0.0742296918767507,0.1325863678804855,0.8674136321195145,0.9257703081232493
train,0.48310858,0.07516339869281045,0.1325863678804855,0.8674136321195145,0.9248366013071896
train,0.48293877,0.07516339869281045,0.13165266106442575,0.8683473389355743,0.9248366013071896
train,0.48279816,0.07563025210084033,0.13165266106442575,0.8683473389355743,0.9243697478991597
train,0.48228484,0.07563025210084033,0.13118580765639587,0.8688141923436041,0.9243697478991597
train,0.48224586,0.07609710550887021,0.13118580765639587,0.8688141923436041,0.9239028944911298
train,0.48166028,0.07609710550887021,0.13025210084033612,0.8697478991596639,0.9239028944911298
train,0.48141924,0.0765639589169001,0.13025210084033612,0.8697478991596639,0.9234360410831
train,0.48109826,0.0765639589169001,0.12885154061624648,0.8711484593837535,0.9234360410831
train,0.47994262,0.07703081232492998,0.12885154061624648,0.8711484593837535,0.9229691876750701
train,0.4796069,0.07703081232492998,0.1283846872082166,0.8716153127917834,0.9229691876750701
train,0.4795655,0.07749766573295985,0.1283846872082166,0.8716153127917834,0.9225023342670402
train,0.47730252,0.07749766573295985,0.12698412698412698,0.873015873015873,0.9225023342670402
train,0.47720653,0.07796451914098973,0.12698412698412698,0.873015873015873,0.9220354808590103
train,0.47686777,0.07796451914098973,0.12605042016806722,0.8739495798319328,0.9220354808590103
train,0.47653204,0.07889822595704948,0.12605042016806722,0.8739495798319328,0.9211017740429506
train,0.476027,0.07889822595704948,0.12511671335200747,0.8748832866479925,0.9211017740429506
train,0.4756782,0.08029878618113913,0.12511671335200747,0.8748832866479925,0.9197012138188608
train,0.47534177,0.08029878618113913,0.12464985994397759,0.8753501400560224,0.9197012138188608
train,0.47517955,0.08123249299719888,0.12464985994397759,0.8753501400560224,0.9187675070028011
train,0.47499928,0.08123249299719888,0.12324929971988796,0.876750700280112,0.9187675070028011
train,0.4746346,0.08216619981325864,0.12324929971988796,0.876750700280112,0.9178338001867413
train,0.47407234,0.08216619981325864,0.12278244631185808,0.8772175536881419,0.9178338001867413
train,0.47289106,0.08309990662931839,0.12278244631185808,0.8772175536881419,0.9169000933706816
train,0.47268736,0.08309990662931839,0.12184873949579833,0.8781512605042017,0.9169000933706816
train,0.4725697,0.08356676003734827,0.12184873949579833,0.8781512605042017,0.9164332399626517
train,0.47109324,0.08356676003734827,0.11998132586367882,0.8800186741363212,0.9164332399626517
train,0.47099146,0.08403361344537816,0.11998132586367882,0.8800186741363212,0.9159663865546218
train,0.47092023,0.08403361344537816,0.11951447245564895,0.880485527544351,0.9159663865546218
train,0.47091568,0.08450046685340803,0.11951447245564895,0.880485527544351,0.9154995331465919
train,0.46997347,0.08450046685340803,0.11718020541549956,0.8828197945845004,0.9154995331465919
train,0.4694627,0.08543417366946779,0.11718020541549956,0.8828197945845004,0.9145658263305322
train,0.4685504,0.08543417366946779,0.11531279178338005,0.88468720821662,0.9145658263305322
train,0.46845034,0.08590102707749767,0.11531279178338005,0.88468720821662,0.9140989729225023
train,0.46799073,0.08590102707749767,0.1143790849673203,0.8856209150326797,0.9140989729225023
train,0.46751642,0.08636788048552754,0.1143790849673203,0.8856209150326797,0.9136321195144724
train,0.46716988,0.08636788048552754,0.11391223155929042,0.8860877684407096,0.9136321195144724
train,0.46701834,0.08683473389355742,0.11391223155929042,0.8860877684407096,0.9131652661064426
train,0.46663067,0.08683473389355742,0.11344537815126055,0.8865546218487395,0.9131652661064426
train,0.46657115,0.0873015873015873,0.11344537815126055,0.8865546218487395,0.9126984126984127
train,0.46649587,0.0873015873015873,0.11297852474323067,0.8870214752567693,0.9126984126984127
train,0.46510315,0.08870214752567694,0.11297852474323067,0.8870214752567693,0.911297852474323
train,0.46474662,0.08870214752567694,0.11204481792717091,0.8879551820728291,0.911297852474323
train,0.46406028,0.09056956115779645,0.11204481792717091,0.8879551820728291,0.9094304388422035
train,0.46340626,0.09056956115779645,0.11111111111111116,0.8888888888888888,0.9094304388422035
train,0.46313792,0.0915032679738562,0.11111111111111116,0.8888888888888888,0.9084967320261438
train,0.46310306,0.0915032679738562,0.11064425770308128,0.8893557422969187,0.9084967320261438
train,0.46257854,0.09243697478991597,0.11064425770308128,0.8893557422969187,0.907563025210084
train,0.4622541,0.09243697478991597,0.1101774042950514,0.8898225957049486,0.907563025210084
train,0.46141195,0.09523809523809523,0.1101774042950514,0.8898225957049486,0.9047619047619048
train,0.46111324,0.09523809523809523,0.10971055088702153,0.8902894491129785,0.9047619047619048
train,0.46098444,0.09570494864612512,0.10971055088702153,0.8902894491129785,0.9042950513538749
train,0.4605959,0.09570494864612512,0.10877684407096166,0.8912231559290383,0.9042950513538749
train,0.4601097,0.09663865546218488,0.10877684407096166,0.8912231559290383,0.9033613445378151
train,0.45999572,0.09663865546218488,0.10830999066293179,0.8916900093370682,0.9033613445378151
train,0.45978206,0.09710550887021475,0.10830999066293179,0.8916900093370682,0.9028944911297853
train,0.45749685,0.09710550887021475,0.10550887021475253,0.8944911297852475,0.9028944911297853
train,0.45677224,0.09850606909430439,0.10550887021475253,0.8944911297852475,0.9014939309056956
train,0.4562193,0.09850606909430439,0.10504201680672265,0.8949579831932774,0.9014939309056956
train,0.45611027,0.09943977591036414,0.10504201680672265,0.8949579831932774,0.9005602240896359
train,0.45604873,0.09943977591036414,0.10457516339869277,0.8954248366013072,0.9005602240896359
train,0.4555038,0.10130718954248366,0.10457516339869277,0.8954248366013072,0.8986928104575164
train,0.45527646,0.10130718954248366,0.10364145658263302,0.896358543417367,0.8986928104575164
train,0.45498332,0.10270774976657329,0.10364145658263302,0.896358543417367,0.8972922502334267
train,0.45402247,0.10270774976657329,0.10270774976657326,0.8972922502334267,0.8972922502334267
train,0.45396963,0.10317460317460317,0.10270774976657326,0.8972922502334267,0.8968253968253969
train,0.453859,0.10317460317460317,0.10177404295051351,0.8982259570494865,0.8968253968253969
train,0.45346016,0.10457516339869281,0.10177404295051351,0.8982259570494865,0.8954248366013072
train,0.45289022,0.10457516339869281,0.099906629318394,0.900093370681606,0.8954248366013072
train,0.45208865,0.10597572362278244,0.099906629318394,0.900093370681606,0.8940242763772176
train,0.4507001,0.10597572362278244,0.09850606909430437,0.9014939309056956,0.8940242763772176
train,0.45068213,0.10644257703081232,0.09850606909430437,0.9014939309056956,0.8935574229691877
train,0.45064825,0.10644257703081232,0.0980392156862745,0.9019607843137255,0.8935574229691877
train,0.44961184,0.10784313725490197,0.0980392156862745,0.9019607843137255,0.892156862745098
train,0.44960988,0.10784313725490197,0.09757236227824462,0.9024276377217554,0.892156862745098
train,0.44820246,0.1092436974789916,0.09757236227824462,0.9024276377217554,0.8907563025210083
train,0.44728506,0.1092436974789916,0.09663865546218486,0.9033613445378151,0.8907563025210083
train,0.4467452,0.11017740429505135,0.09663865546218486,0.9033613445378151,0.8898225957049486
train,0.44658175,0.11017740429505135,0.09617180205415499,0.903828197945845,0.8898225957049486
train,0.44651797,0.11064425770308123,0.09617180205415499,0.903828197945845,0.8893557422969187
train,0.44625595,0.11064425770308123,0.09523809523809523,0.9047619047619048,0.8893557422969187
train,0.44588605,0.1111111111111111,0.09523809523809523,0.9047619047619048,0.8888888888888888
train,0.4455532,0.1111111111111111,0.09477124183006536,0.9052287581699346,0.8888888888888888
train,0.44504172,0.11204481792717087,0.09477124183006536,0.9052287581699346,0.8879551820728291
train,0.44476336,0.11204481792717087,0.09430438842203548,0.9056956115779645,0.8879551820728291
train,0.4444771,0.11297852474323063,0.09430438842203548,0.9056956115779645,0.8870214752567693
train,0.44321477,0.11297852474323063,0.09337068160597572,0.9066293183940243,0.8870214752567693
train,0.4427917,0.1134453781512605,0.09337068160597572,0.9066293183940243,0.8865546218487395
train,0.44264218,0.1134453781512605,0.09290382819794585,0.9070961718020542,0.8865546218487395
train,0.44200566,0.11437908496732026,0.09290382819794585,0.9070961718020542,0.8856209150326797
train,0.44195822,0.11437908496732026,0.09243697478991597,0.907563025210084,0.8856209150326797
train,0.4412589,0.11624649859943978,0.09243697478991597,0.907563025210084,0.8837535014005602
train,0.44021308,0.11624649859943978,0.09150326797385622,0.9084967320261438,0.8837535014005602
train,0.43930775,0.11858076563958916,0.09150326797385622,0.9084967320261438,0.8814192343604108
train,0.4390119,0.11858076563958916,0.09103641456582634,0.9089635854341737,0.8814192343604108
train,0.43888828,0.11904761904761904,0.09103641456582634,0.9089635854341737,0.8809523809523809
train,0.4388487,0.11904761904761904,0.09056956115779646,0.9094304388422035,0.8809523809523809
train,0.43854618,0.11951447245564893,0.09056956115779646,0.9094304388422035,0.880485527544351
train,0.43734828,0.11951447245564893,0.08916900093370683,0.9108309990662932,0.880485527544351
train,0.43682888,0.11998132586367881,0.08916900093370683,0.9108309990662932,0.8800186741363212
train,0.43665612,0.11998132586367881,0.08870214752567696,0.911297852474323,0.8800186741363212
train,0.4359364,0.12278244631185807,0.08870214752567696,0.911297852474323,0.8772175536881419
train,0.43553188,0.12278244631185807,0.08823529411764708,0.9117647058823529,0.8772175536881419
train,0.43529293,0.12324929971988796,0.08823529411764708,0.9117647058823529,0.876750700280112
train,0.4351448,0.12324929971988796,0.08683473389355745,0.9131652661064426,0.876750700280112
train,0.43477032,0.12371615312791784,0.08683473389355745,0.9131652661064426,0.8762838468720822
train,0.4341448,0.12371615312791784,0.08636788048552757,0.9136321195144724,0.8762838468720822
train,0.43266883,0.1265172735760971,0.08636788048552757,0.9136321195144724,0.8734827264239029
train,0.43214622,0.1265172735760971,0.0859010270774977,0.9140989729225023,0.8734827264239029
train,0.43170354,0.12698412698412698,0.0859010270774977,0.9140989729225023,0.873015873015873
train,0.43153134,0.12698412698412698,0.08496732026143794,0.9150326797385621,0.873015873015873
train,0.42991734,0.1311858076563959,0.08496732026143794,0.9150326797385621,0.8688141923436041
train,0.42986012,0.1311858076563959,0.08450046685340806,0.9154995331465919,0.8688141923436041
train,0.42953247,0.13352007469654528,0.08450046685340806,0.9154995331465919,0.8664799253034547
train,0.4287628,0.13352007469654528,0.08403361344537819,0.9159663865546218,0.8664799253034547
train,0.4285796,0.13445378151260504,0.08403361344537819,0.9159663865546218,0.865546218487395
train,0.428204,0.13445378151260504,0.08356676003734831,0.9164332399626517,0.865546218487395
train,0.42781737,0.1353874883286648,0.08356676003734831,0.9164332399626517,0.8646125116713352
train,0.42777792,0.1353874883286648,0.08263305322128855,0.9173669467787114,0.8646125116713352
train,0.42772186,0.13585434173669467,0.08263305322128855,0.9173669467787114,0.8641456582633054
train,0.42751533,0.13585434173669467,0.08216619981325868,0.9178338001867413,0.8641456582633054
train,0.42659435,0.1377217553688142,0.08216619981325868,0.9178338001867413,0.8622782446311859
train,0.4264503,0.1377217553688142,0.0816993464052288,0.9183006535947712,0.8622782446311859
train,0.42630008,0.13818860877684408,0.0816993464052288,0.9183006535947712,0.861811391223156
train,0.4258957,0.13818860877684408,0.08076563958916905,0.919234360410831,0.861811391223156
train,0.42585915,0.13865546218487396,0.08076563958916905,0.919234360410831,0.8613445378151261
train,0.42456248,0.13865546218487396,0.0798319327731093,0.9201680672268907,0.8613445378151261
train,0.42338,0.14052287581699346,0.0798319327731093,0.9201680672268907,0.8594771241830066
train,0.42251652,0.14052287581699346,0.07796451914098967,0.9220354808590103,0.8594771241830066
train,0.42237267,0.14098972922502334,0.07796451914098967,0.9220354808590103,0.8590102707749767
train,0.42236403,0.14098972922502334,0.0774976657329598,0.9225023342670402,0.8590102707749767
train,0.42183402,0.14145658263305322,0.0774976657329598,0.9225023342670402,0.8585434173669468
train,0.42116404,0.14145658263305322,0.07656395891690004,0.9234360410831,0.8585434173669468
train,0.42037913,0.14239028944911297,0.07656395891690004,0.9234360410831,0.8576097105508871
train,0.42014188,0.14239028944911297,0.07609710550887017,0.9239028944911298,0.8576097105508871
train,0.41968855,0.1437908496732026,0.07609710550887017,0.9239028944911298,0.8562091503267975
train,0.41948003,0.1437908496732026,0.07563025210084029,0.9243697478991597,0.8562091503267975
train,0.41801733,0.14752567693744165,0.07563025210084029,0.9243697478991597,0.8524743230625583
train,0.4155798,0.14752567693744165,0.0732959850606909,0.9267040149393091,0.8524743230625583
train,0.41552877,0.14799253034547152,0.0732959850606909,0.9267040149393091,0.8520074696545284
train,0.4149829,0.14799253034547152,0.07282913165266103,0.927170868347339,0.8520074696545284
train,0.41225362,0.15126050420168066,0.07282913165266103,0.927170868347339,0.8487394957983193
train,0.41210303,0.15126050420168066,0.07236227824463115,0.9276377217553688,0.8487394957983193
train,0.41166654,0.15219421101774042,0.07236227824463115,0.9276377217553688,0.8478057889822596
train,0.41118315,0.15219421101774042,0.0714285714285714,0.9285714285714286,0.8478057889822596
train,0.4100025,0.15592903828197946,0.0714285714285714,0.9285714285714286,0.8440709617180205
train,0.40996948,0.15592903828197946,0.07096171802054152,0.9290382819794585,0.8440709617180205
train,0.4099004,0.1568627450980392,0.07096171802054152,0.9290382819794585,0.8431372549019608
train,0.40988284,0.1568627450980392,0.07049486461251164,0.9295051353874884,0.8431372549019608
train,0.4072679,0.161531279178338,0.07049486461251164,0.9295051353874884,0.838468720821662
train,0.4071903,0.161531279178338,0.07002801120448177,0.9299719887955182,0.838468720821662
train,0.4069059,0.16246498599439776,0.07002801120448177,0.9299719887955182,0.8375350140056023
train,0.4068187,0.16246498599439776,0.06956115779645189,0.9304388422035481,0.8375350140056023
train,0.40617672,0.16526610644257703,0.06956115779645189,0.9304388422035481,0.834733893557423
train,0.4049462,0.16526610644257703,0.06769374416433238,0.9323062558356676,0.834733893557423
train,0.40464938,0.16619981325863678,0.06769374416433238,0.9323062558356676,0.8338001867413632
train,0.40454382,0.16619981325863678,0.0672268907563025,0.9327731092436975,0.8338001867413632
train,0.4043222,0.1676003734827264,0.0672268907563025,0.9327731092436975,0.8323996265172736
train,0.4038313,0.1676003734827264,0.06629318394024275,0.9337068160597572,0.8323996265172736
train,0.40342233,0.16806722689075632,0.06629318394024275,0.9337068160597572,0.8319327731092436
train,0.40296313,0.16806722689075632,0.06582633053221287,0.9341736694677871,0.8319327731092436
train,0.40237564,0.16900093370681607,0.06582633053221287,0.9341736694677871,0.8309990662931839
train,0.40198025,0.16900093370681607,0.06489262371615312,0.9351073762838469,0.8309990662931839
train,0.399314,0.17273576097105509,0.06489262371615312,0.9351073762838469,0.8272642390289449
train,0.39848217,0.17273576097105509,0.06442577030812324,0.9355742296918768,0.8272642390289449
train,0.398328,0.17413632119514472,0.06442577030812324,0.9355742296918768,0.8258636788048552
train,0.39817527,0.17413632119514472,0.06349206349206349,0.9365079365079365,0.8258636788048552
train,0.39815956,0.1746031746031746,0.06349206349206349,0.9365079365079365,0.8253968253968254
train,0.39804518,0.1746031746031746,0.06255835667600373,0.9374416433239963,0.8253968253968254
train,0.39715672,0.176937441643324,0.06255835667600373,0.9374416433239963,0.823062558356676
train,0.3970652,0.176937441643324,0.06209150326797386,0.9379084967320261,0.823062558356676
train,0.3960864,0.1788048552754435,0.06209150326797386,0.9379084967320261,0.8211951447245565
train,0.39604962,0.1788048552754435,0.06162464985994398,0.938375350140056,0.8211951447245565
train,0.3917183,0.1858076563958917,0.06162464985994398,0.938375350140056,0.8141923436041083
train,0.3912995,0.1858076563958917,0.06069094304388423,0.9393090569561158,0.8141923436041083
train,0.39052197,0.18720821661998133,0.06069094304388423,0.9393090569561158,0.8127917833800187
train,0.3904511,0.18720821661998133,0.06022408963585435,0.9397759103641457,0.8127917833800187
train,0.3899947,0.18860877684407096,0.06022408963585435,0.9397759103641457,0.811391223155929
train,0.3897193,0.18860877684407096,0.05975723622782447,0.9402427637721755,0.811391223155929
train,0.38888827,0.19047619047619047,0.05975723622782447,0.9402427637721755,0.8095238095238095
train,0.38851812,0.19047619047619047,0.059290382819794596,0.9407096171802054,0.8095238095238095
train,0.38819137,0.19140989729225025,0.059290382819794596,0.9407096171802054,0.8085901027077498
train,0.3880487,0.19140989729225025,0.05882352941176472,0.9411764705882353,0.8085901027077498
train,0.38718283,0.19281045751633988,0.05882352941176472,0.9411764705882353,0.8071895424836601
train,0.3869491,0.19281045751633988,0.05835667600373484,0.9416433239962652,0.8071895424836601
train,0.3867334,0.19327731092436976,0.05835667600373484,0.9416433239962652,0.8067226890756303
train,0.38474014,0.19327731092436976,0.05742296918767509,0.9425770308123249,0.8067226890756303
train,0.38390142,0.19607843137254902,0.05742296918767509,0.9425770308123249,0.803921568627451
train,0.38375762,0.19607843137254902,0.05695611577964521,0.9430438842203548,0.803921568627451
train,0.3835504,0.19701213818860877,0.05695611577964521,0.9430438842203548,0.8029878618113913
train,0.38349718,0.19701213818860877,0.056489262371615334,0.9435107376283847,0.8029878618113913
train,0.38346925,0.1984126984126984,0.056489262371615334,0.9435107376283847,0.8015873015873016
train,0.3833584,0.1984126984126984,0.05602240896358546,0.9439775910364145,0.8015873015873016
train,0.3813908,0.20168067226890757,0.05602240896358546,0.9439775910364145,0.7983193277310925
train,0.381154,0.20168067226890757,0.0550887021475257,0.9449112978524743,0.7983193277310925
train,0.3780073,0.20588235294117646,0.0550887021475257,0.9449112978524743,0.7941176470588236
train,0.3779324,0.20588235294117646,0.054621848739495826,0.9453781512605042,0.7941176470588236
train,0.3749731,0.211484593837535,0.054621848739495826,0.9453781512605042,0.788515406162465
train,0.3749595,0.211484593837535,0.05415499533146595,0.945845004668534,0.788515406162465
train,0.37302524,0.21475256769374415,0.05415499533146595,0.945845004668534,0.7852474323062558
train,0.37297523,0.21475256769374415,0.05368814192343607,0.9463118580765639,0.7852474323062558
train,0.37040544,0.21895424836601307,0.05368814192343607,0.9463118580765639,0.7810457516339869
train,0.37029895,0.21895424836601307,0.053221288515406195,0.9467787114845938,0.7810457516339869
train,0.37008804,0.21942110177404295,0.053221288515406195,0.9467787114845938,0.780578898225957
train,0.36915833,0.21942110177404295,0.05275443510737632,0.9472455648926237,0.780578898225957
train,0.36911643,0.21988795518207283,0.05275443510737632,0.9472455648926237,0.7801120448179272
train,0.36862358,0.21988795518207283,0.05228758169934644,0.9477124183006536,0.7801120448179272
train,0.3684389,0.22128851540616246,0.05228758169934644,0.9477124183006536,0.7787114845938375
train,0.36706507,0.22128851540616246,0.050420168067226934,0.9495798319327731,0.7787114845938375
train,0.36602786,0.22408963585434175,0.050420168067226934,0.9495798319327731,0.7759103641456583
train,0.36492065,0.22408963585434175,0.04948646125116718,0.9505135387488328,0.7759103641456583
train,0.36398697,0.22549019607843138,0.04948646125116718,0.9505135387488328,0.7745098039215687
train,0.36344942,0.22549019607843138,0.0490196078431373,0.9509803921568627,0.7745098039215687
train,0.36103463,0.23202614379084968,0.0490196078431373,0.9509803921568627,0.7679738562091503
train,0.36095247,0.23202614379084968,0.048552754435107426,0.9514472455648926,0.7679738562091503
train,0.36073008,0.23249299719887956,0.048552754435107426,0.9514472455648926,0.7675070028011204
train,0.36069444,0.23249299719887956,0.04808590102707755,0.9519140989729225,0.7675070028011204
train,0.3603113,0.23295985060690944,0.04808590102707755,0.9519140989729225,0.7670401493930905
train,0.3602335,0.23295985060690944,0.047152194211017795,0.9528478057889822,0.7670401493930905
train,0.35796535,0.23902894491129786,0.047152194211017795,0.9528478057889822,0.7609710550887021
train,0.3577865,0.23902894491129786,0.04668534080298781,0.9533146591970122,0.7609710550887021
train,0.35555077,0.242296918767507,0.04668534080298781,0.9533146591970122,0.757703081232493
train,0.35521284,0.242296918767507,0.04621848739495793,0.9537815126050421,0.757703081232493
train,0.35250857,0.24649859943977592,0.04621848739495793,0.9537815126050421,0.7535014005602241
train,0.35235253,0.24649859943977592,0.045284780578898176,0.9547152194211018,0.7535014005602241
train,0.35210568,0.24789915966386555,0.045284780578898176,0.9547152194211018,0.7521008403361344
train,0.3519249,0.24789915966386555,0.0448179271708683,0.9551820728291317,0.7521008403361344
train,0.34938282,0.2549019607843137,0.0448179271708683,0.9551820728291317,0.7450980392156863
train,0.3492815,0.2549019607843137,0.04435107376283842,0.9556489262371616,0.7450980392156863
train,0.34891477,0.25583566760037346,0.04435107376283842,0.9556489262371616,0.7441643323996265
train,0.34890977,0.25583566760037346,0.043884220354808545,0.9561157796451915,0.7441643323996265
train,0.3484892,0.2586367880485528,0.043884220354808545,0.9561157796451915,0.7413632119514473
train,0.3481425,0.2586367880485528,0.04341736694677867,0.9565826330532213,0.7413632119514473
train,0.34728223,0.25910364145658266,0.04341736694677867,0.9565826330532213,0.7408963585434174
train,0.34710124,0.25910364145658266,0.04295051353874879,0.9570494864612512,0.7408963585434174
train,0.34686798,0.25957049486461253,0.04295051353874879,0.9570494864612512,0.7404295051353875
train,0.34651712,0.25957049486461253,0.042483660130718914,0.9575163398692811,0.7404295051353875
train,0.34640563,0.2605042016806723,0.042483660130718914,0.9575163398692811,0.7394957983193278
train,0.34640536,0.2605042016806723,0.04201680672268904,0.957983193277311,0.7394957983193278
train,0.34445715,0.2642390289449113,0.04201680672268904,0.957983193277311,0.7357609710550888
train,0.3443077,0.2642390289449113,0.04108309990662928,0.9589169000933707,0.7357609710550888
train,0.34404844,0.2647058823529412,0.04108309990662928,0.9589169000933707,0.7352941176470589
train,0.34394878,0.2647058823529412,0.040616246498599407,0.9593837535014006,0.7352941176470589
train,0.3413703,0.26750700280112044,0.040616246498599407,0.9593837535014006,0.7324929971988796
train,0.34133363,0.26750700280112044,0.04014939309056953,0.9598506069094305,0.7324929971988796
train,0.33911926,0.2721755368814192,0.04014939309056953,0.9598506069094305,0.7278244631185808
train,0.3390031,0.2721755368814192,0.039215686274509776,0.9607843137254902,0.7278244631185808
train,0.33835652,0.27310924369747897,0.039215686274509776,0.9607843137254902,0.7268907563025211
train,0.33830997,0.27310924369747897,0.0387488328664799,0.9612511671335201,0.7268907563025211
train,0.33054027,0.2913165266106443,0.0387488328664799,0.9612511671335201,0.7086834733893557
train,0.3305383,0.2913165266106443,0.03828197945845002,0.96171802054155,0.7086834733893557
train,0.32997197,0.2927170868347339,0.03828197945845002,0.96171802054155,0.707282913165266
train,0.32988086,0.2927170868347339,0.037815126050420145,0.9621848739495799,0.707282913165266
train,0.32791764,0.2992530345471522,0.037815126050420145,0.9621848739495799,0.7007469654528478
train,0.3278427,0.2992530345471522,0.03734827264239027,0.9626517273576097,0.7007469654528478
train,0.32734847,0.3011204481792717,0.03734827264239027,0.9626517273576097,0.6988795518207283
train,0.32731012,0.3011204481792717,0.03688141923436039,0.9631185807656396,0.6988795518207283
train,0.32562998,0.3029878618113912,0.03688141923436039,0.9631185807656396,0.6970121381886087
train,0.32545114,0.3029878618113912,0.036414565826330514,0.9635854341736695,0.6970121381886087
train,0.32544547,0.3034547152194211,0.036414565826330514,0.9635854341736695,0.6965452847805789
train,0.32525444,0.3034547152194211,0.03594771241830064,0.9640522875816994,0.6965452847805789
train,0.32500547,0.30392156862745096,0.03594771241830064,0.9640522875816994,0.696078431372549
train,0.32489085,0.30392156862745096,0.03548085901027076,0.9645191409897292,0.696078431372549
train,0.32463515,0.30485527544351076,0.03548085901027076,0.9645191409897292,0.6951447245564892
train,0.32321295,0.30485527544351076,0.03501400560224088,0.9649859943977591,0.6951447245564892
train,0.32247603,0.30765639589169,0.03501400560224088,0.9649859943977591,0.69234360410831
train,0.3223634,0.30765639589169,0.034547152194211006,0.965452847805789,0.69234360410831
train,0.31871223,0.3146591970121382,0.034547152194211006,0.965452847805789,0.6853408029878618
train,0.31865293,0.3146591970121382,0.03408029878618113,0.9659197012138189,0.6853408029878618
train,0.31856015,0.31559290382819793,0.03408029878618113,0.9659197012138189,0.6844070961718021
train,0.31842524,0.31559290382819793,0.03361344537815125,0.9663865546218487,0.6844070961718021
train,0.31274483,0.32866479925303455,0.03361344537815125,0.9663865546218487,0.6713352007469655
train,0.31271207,0.32866479925303455,0.033146591970121375,0.9668534080298786,0.6713352007469655
train,0.3120551,0.3295985060690943,0.033146591970121375,0.9668534080298786,0.6704014939309058
train,0.3112478,0.3295985060690943,0.03221288515406162,0.9677871148459384,0.6704014939309058
train,0.3081677,0.33473389355742295,0.03221288515406162,0.9677871148459384,0.6652661064425771
train,0.30803037,0.33473389355742295,0.031746031746031744,0.9682539682539683,0.6652661064425771
train,0.30727875,0.3356676003734827,0.031746031746031744,0.9682539682539683,0.6643323996265174
train,0.30705428,0.3356676003734827,0.03127917833800187,0.9687208216619981,0.6643323996265174
train,0.30551702,0.3408029878618114,0.03127917833800187,0.9687208216619981,0.6591970121381886
train,0.30540705,0.3408029878618114,0.03081232492997199,0.969187675070028,0.6591970121381886
train,0.30384213,0.3464052287581699,0.03081232492997199,0.969187675070028,0.6535947712418301
train,0.3033805,0.3464052287581699,0.029878618113912236,0.9701213818860878,0.6535947712418301
train,0.29950845,0.3580765639589169,0.029878618113912236,0.9701213818860878,0.641923436041083
train,0.2994834,0.3580765639589169,0.02941176470588236,0.9705882352941176,0.641923436041083
train,0.29947668,0.3585434173669468,0.02941176470588236,0.9705882352941176,0.6414565826330532
train,0.29943886,0.3585434173669468,0.028944911297852483,0.9710550887021475,0.6414565826330532
train,0.29923382,0.3599439775910364,0.028944911297852483,0.9710550887021475,0.6400560224089635
train,0.29902118,0.3599439775910364,0.028478057889822606,0.9715219421101774,0.6400560224089635
train,0.29895955,0.3604108309990663,0.028478057889822606,0.9715219421101774,0.6395891690009337
train,0.29869774,0.3604108309990663,0.02801120448179273,0.9719887955182073,0.6395891690009337
train,0.29756784,0.3618113912231559,0.02801120448179273,0.9719887955182073,0.638188608776844
train,0.29708755,0.3618113912231559,0.027077497665732975,0.972922502334267,0.638188608776844
train,0.29005578,0.3776844070961718,0.027077497665732975,0.972922502334267,0.6223155929038282
train,0.28999245,0.3776844070961718,0.026610644257703098,0.9733893557422969,0.6223155929038282
train,0.28882924,0.37815126050420167,0.026610644257703098,0.9733893557422969,0.6218487394957983
train,0.2887712,0.37815126050420167,0.02614379084967322,0.9738562091503268,0.6218487394957983
train,0.28775597,0.3818860877684407,0.02614379084967322,0.9738562091503268,0.6181139122315593
train,0.28770104,0.3818860877684407,0.025676937441643344,0.9743230625583567,0.6181139122315593
train,0.2834242,0.3902894491129785,0.025676937441643344,0.9743230625583567,0.6097105508870215
train,0.28339618,0.3902894491129785,0.025210084033613467,0.9747899159663865,0.6097105508870215
train,0.28307799,0.39169000933706816,0.025210084033613467,0.9747899159663865,0.6083099906629319
train,0.28284025,0.39169000933706816,0.02474323062558359,0.9752567693744164,0.6083099906629319
train,0.28002152,0.3996265172735761,0.02474323062558359,0.9752567693744164,0.6003734827264239
train,0.2796872,0.3996265172735761,0.024276377217553713,0.9757236227824463,0.6003734827264239
train,0.2777221,0.40289449112978526,0.024276377217553713,0.9757236227824463,0.5971055088702147
train,0.27768704,0.40289449112978526,0.023809523809523836,0.9761904761904762,0.5971055088702147
train,0.27639022,0.40709617180205415,0.023809523809523836,0.9761904761904762,0.5929038281979458
train,0.2762884,0.40709617180205415,0.02334267040149396,0.976657329598506,0.5929038281979458
train,0.27452752,0.41316526610644255,0.02334267040149396,0.976657329598506,0.5868347338935574
train,0.27415326,0.41316526610644255,0.022875816993464082,0.9771241830065359,0.5868347338935574
train,0.2709646,0.42016806722689076,0.022875816993464082,0.9771241830065359,0.5798319327731092
train,0.27036253,0.42016806722689076,0.022408963585434205,0.9775910364145658,0.5798319327731092
train,0.26629072,0.43183940242763774,0.022408963585434205,0.9775910364145658,0.5681605975723623
train,0.2662338,0.43183940242763774,0.021942110177404328,0.9780578898225957,0.5681605975723623
train,0.26516435,0.43557422969187676,0.021942110177404328,0.9780578898225957,0.5644257703081232
train,0.26487246,0.43557422969187676,0.02147525676937445,0.9785247432306255,0.5644257703081232
train,0.26377818,0.43744164332399627,0.02147525676937445,0.9785247432306255,0.5625583566760037
train,0.2637185,0.43744164332399627,0.021008403361344574,0.9789915966386554,0.5625583566760037
train,0.2632932,0.438375350140056,0.021008403361344574,0.9789915966386554,0.561624649859944
train,0.2632479,0.438375350140056,0.020541549953314697,0.9794584500466853,0.561624649859944
train,0.26071697,0.44351073762838467,0.020541549953314697,0.9794584500466853,0.5564892623716153
train,0.26069593,0.44351073762838467,0.02007469654528482,0.9799253034547152,0.5564892623716153
train,0.25989494,0.4449112978524743,0.02007469654528482,0.9799253034547152,0.5550887021475257
train,0.25955787,0.4449112978524743,0.019607843137254943,0.9803921568627451,0.5550887021475257
train,0.25842258,0.4481792717086835,0.019607843137254943,0.9803921568627451,0.5518207282913166
train,0.2583413,0.4481792717086835,0.019140989729225066,0.9808590102707749,0.5518207282913166
train,0.25401443,0.4542483660130719,0.019140989729225066,0.9808590102707749,0.5457516339869282
train,0.2539718,0.4542483660130719,0.01867413632119519,0.9813258636788048,0.5457516339869282
train,0.25166672,0.46078431372549017,0.01867413632119519,0.9813258636788048,0.5392156862745099
train,0.25132874,0.46078431372549017,0.018207282913165312,0.9817927170868347,0.5392156862745099
train,0.24965762,0.4635854341736695,0.018207282913165312,0.9817927170868347,0.5364145658263305
train,0.2495915,0.4635854341736695,0.017740429505135435,0.9822595704948646,0.5364145658263305
train,0.2490662,0.4649859943977591,0.017740429505135435,0.9822595704948646,0.5350140056022409
train,0.24850708,0.4649859943977591,0.01680672268907568,0.9831932773109243,0.5350140056022409
train,0.24771577,0.46638655462184875,0.01680672268907568,0.9831932773109243,0.5336134453781513
train,0.24761067,0.46638655462184875,0.016339869281045805,0.9836601307189542,0.5336134453781513
train,0.246094,0.469187675070028,0.016339869281045805,0.9836601307189542,0.530812324929972
train,0.24579403,0.469187675070028,0.015873015873015928,0.9841269841269841,0.530812324929972
train,0.24389179,0.4715219421101774,0.015873015873015928,0.9841269841269841,0.5284780578898226
train,0.2436942,0.4715219421101774,0.01540616246498594,0.9845938375350141,0.5284780578898226
train,0.2417974,0.4766573295985061,0.01540616246498594,0.9845938375350141,0.5233426704014938
train,0.24174224,0.4766573295985061,0.014939309056956063,0.9850606909430439,0.5233426704014938
train,0.23374689,0.49253034547152197,0.014939309056956063,0.9850606909430439,0.507469654528478
train,0.23329599,0.49253034547152197,0.014472455648926186,0.9855275443510738,0.507469654528478
train,0.2328983,0.49299719887955185,0.014472455648926186,0.9855275443510738,0.5070028011204482
train,0.2323398,0.49299719887955185,0.014005602240896309,0.9859943977591037,0.5070028011204482
train,0.23029202,0.4981325863678805,0.014005602240896309,0.9859943977591037,0.5018674136321195
train,0.230162,0.4981325863678805,0.013538748832866432,0.9864612511671336,0.5018674136321195
train,0.22505808,0.5107376283846872,0.013538748832866432,0.9864612511671336,0.48926237161531283
train,0.22471312,0.5107376283846872,0.012605042016806678,0.9873949579831933,0.48926237161531283
train,0.22258945,0.5149393090569561,0.012605042016806678,0.9873949579831933,0.48506069094304394
train,0.22246489,0.5149393090569561,0.012138188608776801,0.9878618113912232,0.48506069094304394
train,0.21436918,0.5359477124183006,0.012138188608776801,0.9878618113912232,0.46405228758169936
train,0.21416523,0.5359477124183006,0.011204481792717047,0.988795518207283,0.46405228758169936
train,0.21329825,0.5378151260504201,0.011204481792717047,0.988795518207283,0.46218487394957986
train,0.21325335,0.5378151260504201,0.01073762838468717,0.9892623716153128,0.46218487394957986
train,0.21172099,0.5424836601307189,0.01073762838468717,0.9892623716153128,0.4575163398692811
train,0.2117206,0.5424836601307189,0.010270774976657293,0.9897292250233427,0.4575163398692811
train,0.20096055,0.5709617180205415,0.010270774976657293,0.9897292250233427,0.4290382819794585
train,0.20084426,0.5709617180205415,0.009803921568627416,0.9901960784313726,0.4290382819794585
train,0.1994598,0.5732959850606909,0.009803921568627416,0.9901960784313726,0.4267040149393091
train,0.19928196,0.5732959850606909,0.00933706816059754,0.9906629318394025,0.4267040149393091
train,0.19802235,0.5770308123249299,0.00933706816059754,0.9906629318394025,0.4229691876750701
train,0.19800556,0.5770308123249299,0.008870214752567662,0.9911297852474323,0.4229691876750701
train,0.19476911,0.5835667600373483,0.008870214752567662,0.9911297852474323,0.4164332399626517
train,0.19420648,0.5835667600373483,0.008403361344537785,0.9915966386554622,0.4164332399626517
train,0.185583,0.5975723622782446,0.008403361344537785,0.9915966386554622,0.4024276377217554
train,0.18551612,0.5975723622782446,0.007936507936507908,0.9920634920634921,0.4024276377217554
train,0.18419036,0.6003734827264239,0.007936507936507908,0.9920634920634921,0.3996265172735761
train,0.18408994,0.6003734827264239,0.007469654528478031,0.992530345471522,0.3996265172735761
train,0.17723837,0.6134453781512605,0.007469654528478031,0.992530345471522,0.38655462184873945
train,0.1770678,0.6134453781512605,0.007002801120448154,0.9929971988795518,0.38655462184873945
train,0.17280124,0.6227824463118581,0.007002801120448154,0.9929971988795518,0.3772175536881419
train,0.17246284,0.6227824463118581,0.006535947712418277,0.9934640522875817,0.3772175536881419
train,0.17157,0.6274509803921569,0.006535947712418277,0.9934640522875817,0.37254901960784315
train,0.1714886,0.6274509803921569,0.0060690943043884005,0.9939309056956116,0.37254901960784315
train,0.16265488,0.6526610644257703,0.0060690943043884005,0.9939309056956116,0.3473389355742297
train,0.16216798,0.6526610644257703,0.0056022408963585235,0.9943977591036415,0.3473389355742297
train,0.1486033,0.6839402427637722,0.0056022408963585235,0.9943977591036415,0.3160597572362278
train,0.1484975,0.6839402427637722,0.0051353874883286466,0.9948646125116714,0.3160597572362278
train,0.13968584,0.6965452847805789,0.0051353874883286466,0.9948646125116714,0.30345471521942113
train,0.13961156,0.6965452847805789,0.00466853408029877,0.9953314659197012,0.30345471521942113
train,0.13891962,0.6988795518207283,0.00466853408029877,0.9953314659197012,0.30112044817927175
train,0.13865502,0.6988795518207283,0.004201680672268893,0.9957983193277311,0.30112044817927175
train,0.13576546,0.7026143790849673,0.004201680672268893,0.9957983193277311,0.29738562091503273
train,0.13571806,0.7026143790849673,0.0037348272642390157,0.996265172735761,0.29738562091503273
train,0.12775572,0.7245564892623716,0.0037348272642390157,0.996265172735761,0.2754435107376284
train,0.12770467,0.7245564892623716,0.0032679738562091387,0.9967320261437909,0.2754435107376284
train,0.12192019,0.7376283846872083,0.0032679738562091387,0.9967320261437909,0.26237161531279174
train,0.12179705,0.7376283846872083,0.0028011204481792618,0.9971988795518207,0.26237161531279174
train,0.112081066,0.7567693744164332,0.0028011204481792618,0.9971988795518207,0.24323062558356678
train,0.111998364,0.7567693744164332,0.002334267040149385,0.9976657329598506,0.24323062558356678
train,0.087553106,0.7992530345471522,0.002334267040149385,0.9976657329598506,0.20074696545284776
train,0.08649302,0.7992530345471522,0.0018674136321195078,0.9981325863678805,0.20074696545284776
train,0.04765898,0.861811391223156,0.0018674136321195078,0.9981325863678805,0.13818860877684402
train,0.047266345,0.861811391223156,0.0014005602240896309,0.9985994397759104,0.13818860877684402
train,0.037368163,0.8753501400560224,0.0014005602240896309,0.9985994397759104,0.12464985994397759
train,0.037056956,0.8753501400560224,0.0009337068160597539,0.9990662931839402,0.12464985994397759
train,0.01622436,0.9005602240896359,0.0009337068160597539,0.9990662931839402,0.09943977591036413
train,0.015510573,0.9005602240896359,0.00046685340802987696,0.9995331465919701,0.09943977591036413
train,-0.033656724,0.9453781512605042,0.00046685340802987696,0.9995331465919701,0.054621848739495826
train,-0.03406942,0.9453781512605042,0.0,1.0,0.054621848739495826
train,-0.3243735,1.0,0.0,1.0,0.0
validation,inf,0.0,1.0,0.0,1.0
validation,0.96339494,0.0,0.9978213507625272,0.002178649237472767,1.0
validation,0.6922339,0.0,0.5076252723311547,0.4923747276688453,1.0
validation,0.69222826,0.002178649237472767,0.5076252723311547,0.4923747276688453,0.9978213507625272
validation,0.6860665,0.002178649237472767,0.485838779956427,0.514161220043573,0.9978213507625272
validation,0.6846726,0.004357298474945534,0.485838779956427,0.514161220043573,0.9956427015250545
validation,0.65215933,0.004357298474945534,0.383442265795207,0.616557734204793,0.9956427015250545
validation,0.6516419,0.006535947712418301,0.383442265795207,0.616557734204793,0.9934640522875817
validation,0.62263286,0.006535947712418301,0.30936819172113295,0.690631808278867,0.9934640522875817
validation,0.621447,0.008714596949891068,0.30936819172113295,0.690631808278867,0.9912854030501089
validation,0.61129475,0.008714596949891068,0.27450980392156865,0.7254901960784313,0.9912854030501089
validation,0.6106296,0.010893246187363835,0.27450980392156865,0.7254901960784313,0.9891067538126361
validation,0.6010894,0.010893246187363835,0.2527233115468409,0.7472766884531591,0.9891067538126361
validation,0.5994182,0.013071895424836602,0.2527233115468409,0.7472766884531591,0.9869281045751634
validation,0.5796655,0.013071895424836602,0.21350762527233114,0.7864923747276689,0.9869281045751634
validation,0.57791185,0.017429193899782137,0.21350762527233114,0.7864923747276689,0.9825708061002179
validation,0.5748552,0.017429193899782137,0.20915032679738566,0.7908496732026143,0.9825708061002179
validation,0.5744608,0.0196078431372549,0.20915032679738566,0.7908496732026143,0.9803921568627451
validation,0.5698341,0.0196078431372549,0.20697167755991286,0.7930283224400871,0.9803921568627451
validation,0.56911975,0.02178649237472767,0.20697167755991286,0.7930283224400871,0.9782135076252724
validation,0.56789285,0.02178649237472767,0.20261437908496727,0.7973856209150327,0.9782135076252724
validation,0.5662844,0.026143790849673203,0.20261437908496727,0.7973856209150327,0.9738562091503268
validation,0.5633236,0.026143790849673203,0.19825708061002179,0.8017429193899782,0.9738562091503268
validation,0.56120056,0.02832244008714597,0.19825708061002179,0.8017429193899782,0.971677559912854
validation,0.55709773,0.02832244008714597,0.18736383442265792,0.8126361655773421,0.971677559912854
validation,0.55698776,0.030501089324618737,0.18736383442265792,0.8126361655773421,0.9694989106753813
validation,0.54660535,0.030501089324618737,0.16775599128540308,0.8322440087145969,0.9694989106753813
validation,0.5418332,0.032679738562091505,0.16775599128540308,0.8322440087145969,0.9673202614379085
validation,0.5417051,0.032679738562091505,0.1655773420479303,0.8344226579520697,0.9673202614379085
validation,0.54106677,0.034858387799564274,0.1655773420479303,0.8344226579520697,0.9651416122004357
validation,0.53431875,0.034858387799564274,0.159041394335512,0.840958605664488,0.9651416122004357
validation,0.5304886,0.04139433551198257,0.159041394335512,0.840958605664488,0.9586056644880174
validation,0.5303313,0.04139433551198257,0.1568627450980392,0.8431372549019608,0.9586056644880174
validation,0.5247048,0.04793028322440087,0.1568627450980392,0.8431372549019608,0.9520697167755992
validation,0.5207358,0.04793028322440087,0.14596949891067534,0.8540305010893247,0.9520697167755992
validation,0.5191107,0.05228758169934641,0.14596949891067534,0.8540305010893247,0.9477124183006536
validation,0.5091358,0.05228758169934641,0.13507625272331159,0.8649237472766884,0.9477124183006536
validation,0.5074379,0.054466230936819175,0.13507625272331159,0.8649237472766884,0.9455337690631809
validation,0.5068741,0.054466230936819175,0.1328976034858388,0.8671023965141612,0.9455337690631809
validation,0.5064505,0.05664488017429194,0.1328976034858388,0.8671023965141612,0.9433551198257081
validation,0.50609493,0.05664488017429194,0.1285403050108932,0.8714596949891068,0.9433551198257081
validation,0.5051982,0.06100217864923747,0.1285403050108932,0.8714596949891068,0.9389978213507625
validation,0.5038323,0.06100217864923747,0.1263616557734205,0.8736383442265795,0.9389978213507625
validation,0.50122523,0.06535947712418301,0.1263616557734205,0.8736383442265795,0.934640522875817
validation,0.49660575,0.06535947712418301,0.11328976034858385,0.8867102396514162,0.934640522875817
validation,0.49632385,0.06753812636165578,0.11328976034858385,0.8867102396514162,0.9324618736383442
validation,0.49468458,0.06753812636165578,0.11111111111111116,0.8888888888888888,0.9324618736383442
validation,0.48907542,0.07407407407407407,0.11111111111111116,0.8888888888888888,0.9259259259259259
validation,0.48768827,0.07407407407407407,0.10675381263616557,0.8932461873638344,0.9259259259259259
validation,0.48725712,0.07625272331154684,0.10675381263616557,0.8932461873638344,0.9237472766884531
validation,0.48645064,0.07625272331154684,0.10239651416122009,0.8976034858387799,0.9237472766884531
validation,0.48078704,0.08061002178649238,0.10239651416122009,0.8976034858387799,0.9193899782135077
validation,0.477244,0.08061002178649238,0.0980392156862745,0.9019607843137255,0.9193899782135077
validation,0.47684893,0.08278867102396514,0.0980392156862745,0.9019607843137255,0.9172113289760349
validation,0.47671065,0.08278867102396514,0.0958605664488017,0.9041394335511983,0.9172113289760349
validation,0.4733093,0.08932461873638345,0.0958605664488017,0.9041394335511983,0.9106753812636166
validation,0.47328755,0.08932461873638345,0.09368191721132901,0.906318082788671,0.9106753812636166
validation,0.4707926,0.09586056644880174,0.09368191721132901,0.906318082788671,0.9041394335511983
validation,0.46566993,0.09586056644880174,0.08496732026143794,0.9150326797385621,0.9041394335511983
validation,0.4509271,0.11328976034858387,0.08496732026143794,0.9150326797385621,0.8867102396514162
validation,0.4506611,0.11328976034858387,0.08278867102396514,0.9172113289760349,0.8867102396514162
validation,0.44917235,0.11546840958605664,0.08278867102396514,0.9172113289760349,0.8845315904139434
validation,0.4484664,0.11546840958605664,0.08061002178649235,0.9193899782135077,0.8845315904139434
validation,0.44561914,0.12418300653594772,0.08061002178649235,0.9193899782135077,0.8758169934640523
validation,0.44544345,0.12418300653594772,0.07843137254901966,0.9215686274509803,0.8758169934640523
validation,0.44534123,0.12636165577342048,0.07843137254901966,0.9215686274509803,0.8736383442265795
validation,0.44175565,0.12636165577342048,0.07407407407407407,0.9259259259259259,0.8736383442265795
validation,0.44160154,0.12854030501089325,0.07407407407407407,0.9259259259259259,0.8714596949891067
validation,0.43730724,0.12854030501089325,0.07189542483660127,0.9281045751633987,0.8714596949891067
validation,0.43616667,0.13071895424836602,0.07189542483660127,0.9281045751633987,0.869281045751634
validation,0.4300427,0.13071895424836602,0.061002178649237515,0.9389978213507625,0.869281045751634
validation,0.42678836,0.13507625272331156,0.061002178649237515,0.9389978213507625,0.8649237472766884
validation,0.42607665,0.13507625272331156,0.05882352941176472,0.9411764705882353,0.8649237472766884
validation,0.42505088,0.1394335511982571,0.05882352941176472,0.9411764705882353,0.8605664488017429
validation,0.4229604,0.1394335511982571,0.05446623093681913,0.9455337690631809,0.8605664488017429
validation,0.4188379,0.1437908496732026,0.05446623093681913,0.9455337690631809,0.8562091503267975
validation,0.4186452,0.1437908496732026,0.05228758169934644,0.9477124183006536,0.8562091503267975
validation,0.41534084,0.14596949891067537,0.05228758169934644,0.9477124183006536,0.8540305010893247
validation,0.4116653,0.14596949891067537,0.04793028322440085,0.9520697167755992,0.8540305010893247
validation,0.4105579,0.1503267973856209,0.04793028322440085,0.9520697167755992,0.8496732026143791
validation,0.41008127,0.1503267973856209,0.04575163398692805,0.954248366013072,0.8496732026143791
validation,0.39633828,0.16993464052287582,0.04575163398692805,0.954248366013072,0.8300653594771241
validation,0.39590704,0.16993464052287582,0.04357298474945537,0.9564270152505446,0.8300653594771241
validation,0.39465168,0.1721132897603486,0.04357298474945537,0.9564270152505446,0.8278867102396514
validation,0.39379713,0.1721132897603486,0.039215686274509776,0.9607843137254902,0.8278867102396514
validation,0.3898124,0.1830065359477124,0.039215686274509776,0.9607843137254902,0.8169934640522876
validation,0.38817927,0.1830065359477124,0.03703703703703709,0.9629629629629629,0.8169934640522876
validation,0.35366026,0.2549019607843137,0.03703703703703709,0.9629629629629629,0.7450980392156863
validation,0.35358745,0.2549019607843137,0.034858387799564294,0.9651416122004357,0.7450980392156863
validation,0.34369978,0.2657952069716776,0.034858387799564294,0.9651416122004357,0.7342047930283224
validation,0.343634,0.2657952069716776,0.0326797385620915,0.9673202614379085,0.7342047930283224
validation,0.34191343,0.2701525054466231,0.0326797385620915,0.9673202614379085,0.7298474945533768
validation,0.339097,0.2701525054466231,0.030501089324618702,0.9694989106753813,0.7298474945533768
validation,0.32778195,0.289760348583878,0.030501089324618702,0.9694989106753813,0.710239651416122
validation,0.3276933,0.289760348583878,0.028322440087146017,0.971677559912854,0.710239651416122
validation,0.32320628,0.3028322440087146,0.028322440087146017,0.971677559912854,0.6971677559912854
validation,0.32194176,0.3028322440087146,0.02614379084967322,0.9738562091503268,0.6971677559912854
validation,0.30685633,0.3355119825708061,0.02614379084967322,0.9738562091503268,0.6644880174291938
validation,0.3052961,0.3355119825708061,0.02178649237472763,0.9782135076252724,0.6644880174291938
validation,0.30505508,0.33769063180827885,0.02178649237472763,0.9782135076252724,0.6623093681917211
validation,0.30468762,0.33769063180827885,0.019607843137254943,0.9803921568627451,0.6623093681917211
validation,0.2868454,0.3747276688453159,0.019607843137254943,0.9803921568627451,0.6252723311546842
validation,0.28604895,0.3747276688453159,0.015250544662309351,0.9847494553376906,0.6252723311546842
validation,0.2775612,0.3899782135076253,0.015250544662309351,0.9847494553376906,0.6100217864923747
validation,0.27515092,0.3899782135076253,0.013071895424836555,0.9869281045751634,0.6100217864923747
validation,0.27429318,0.39215686274509803,0.013071895424836555,0.9869281045751634,0.607843137254902
validation,0.27392983,0.39215686274509803,0.01089324618736387,0.9891067538126361,0.607843137254902
validation,0.2682257,0.4074074074074074,0.01089324618736387,0.9891067538126361,0.5925925925925926
validation,0.26729566,0.4074074074074074,0.008714596949891074,0.9912854030501089,0.5925925925925926
validation,0.2470827,0.46405228758169936,0.008714596949891074,0.9912854030501089,0.5359477124183006
validation,0.2466645,0.46405228758169936,0.006535947712418277,0.9934640522875817,0.5359477124183006
validation,0.19577321,0.5773420479302832,0.006535947712418277,0.9934640522875817,0.4226579520697168
validation,0.1945398,0.5773420479302832,0.004357298474945481,0.9956427015250545,0.4226579520697168
validation,0.18477677,0.6034858387799564,0.004357298474945481,0.9956427015250545,0.39651416122004357
validation,0.18390578,0.6034858387799564,0.002178649237472796,0.9978213507625272,0.39651416122004357
validation,0.17553411,0.6296296296296297,0.002178649237472796,0.9978213507625272,0.37037037037037035
validation,0.17551048,0.6296296296296297,0.0,1.0,0.37037037037037035
validation,-0.18263583,1.0,0.0,1.0,0.0
test,inf,0.0,1.0,0.0,1.0
test,0.96351963,0.0,0.9978213507625272,0.002178649237472767,1.0
test,0.7139762,0.0,0.5664488017429194,0.4335511982570806,1.0
test,0.71364546,0.002178649237472767,0.5664488017429194,0.4335511982570806,0.9978213507625272
test,0.7101537,0.002178649237472767,0.55119825708061,0.44880174291938996,0.9978213507625272
test,0.70948285,0.004357298474945534,0.55119825708061,0.44880174291938996,0.9956427015250545
test,0.7003818,0.004357298474945534,0.5185185185185186,0.48148148148148145,0.9956427015250545
test,0.7003271,0.006535947712418301,0.5185185185185186,0.48148148148148145,0.9934640522875817
test,0.6556937,0.006535947712418301,0.36819172113289755,0.6318082788671024,0.9934640522875817
test,0.6552607,0.008714596949891068,0.36819172113289755,0.6318082788671024,0.9912854030501089
test,0.6125795,0.008714596949891068,0.27450980392156865,0.7254901960784313,0.9912854030501089
test,0.6120425,0.010893246187363835,0.27450980392156865,0.7254901960784313,0.9891067538126361
test,0.6100645,0.010893246187363835,0.27015250544662306,0.7298474945533769,0.9891067538126361
test,0.60810274,0.013071895424836602,0.27015250544662306,0.7298474945533769,0.9869281045751634
test,0.59925735,0.013071895424836602,0.261437908496732,0.738562091503268,0.9869281045751634
test,0.59878004,0.015250544662309368,0.261437908496732,0.738562091503268,0.9847494553376906
test,0.596342,0.015250544662309368,0.2527233115468409,0.7472766884531591,0.9847494553376906
test,0.59564304,0.017429193899782137,0.2527233115468409,0.7472766884531591,0.9825708061002179
test,0.59354675,0.017429193899782137,0.24836601307189543,0.7516339869281046,0.9825708061002179
test,0.5930184,0.0196078431372549,0.24836601307189543,0.7516339869281046,0.9803921568627451
test,0.5914473,0.0196078431372549,0.24618736383442263,0.7538126361655774,0.9803921568627451
test,0.5913104,0.02178649237472767,0.24618736383442263,0.7538126361655774,0.9782135076252724
test,0.5883763,0.02178649237472767,0.23965141612200436,0.7603485838779956,0.9782135076252724
test,0.58380544,0.023965141612200435,0.23965141612200436,0.7603485838779956,0.9760348583877996
test,0.5782575,0.023965141612200435,0.2265795206971678,0.7734204793028322,0.9760348583877996
test,0.57700014,0.026143790849673203,0.2265795206971678,0.7734204793028322,0.9738562091503268
test,0.57488596,0.026143790849673203,0.224400871459695,0.775599128540305,0.9738562091503268
test,0.5714912,0.030501089324618737,0.224400871459695,0.775599128540305,0.9694989106753813
test,0.5681169,0.030501089324618737,0.2222222222222222,0.7777777777777778,0.9694989106753813
test,0.5649875,0.032679738562091505,0.2222222222222222,0.7777777777777778,0.9673202614379085
test,0.5572484,0.032679738562091505,0.20697167755991286,0.7930283224400871,0.9673202614379085
test,0.55642575,0.034858387799564274,0.20697167755991286,0.7930283224400871,0.9651416122004357
test,0.55407435,0.034858387799564274,0.20043572984749458,0.7995642701525054,0.9651416122004357
test,0.55392903,0.037037037037037035,0.20043572984749458,0.7995642701525054,0.962962962962963
test,0.55084133,0.037037037037037035,0.196078431372549,0.803921568627451,0.962962962962963
test,0.5492291,0.04139433551198257,0.196078431372549,0.803921568627451,0.9586056644880174
test,0.54433405,0.04139433551198257,0.1895424836601307,0.8104575163398693,0.9586056644880174
test,0.54416364,0.04357298474945534,0.1895424836601307,0.8104575163398693,0.9564270152505446
test,0.5429969,0.04357298474945534,0.18518518518518523,0.8148148148148148,0.9564270152505446
test,0.53990495,0.0457516339869281,0.18518518518518523,0.8148148148148148,0.954248366013072
test,0.5370695,0.0457516339869281,0.17864923747276684,0.8213507625272332,0.954248366013072
test,0.53705627,0.04793028322440087,0.17864923747276684,0.8213507625272332,0.9520697167755992
test,0.5340155,0.04793028322440087,0.17429193899782136,0.8257080610021786,0.9520697167755992
test,0.53053844,0.05664488017429194,0.17429193899782136,0.8257080610021786,0.9433551198257081
test,0.5242171,0.05664488017429194,0.15250544662309373,0.8474945533769063,0.9433551198257081
test,0.52209044,0.058823529411764705,0.15250544662309373,0.8474945533769063,0.9411764705882353
test,0.5197805,0.058823529411764705,0.14814814814814814,0.8518518518518519,0.9411764705882353
test,0.51785004,0.06100217864923747,0.14814814814814814,0.8518518518518519,0.9389978213507625
test,0.51631546,0.06100217864923747,0.14596949891067534,0.8540305010893247,0.9389978213507625
test,0.5142289,0.06535947712418301,0.14596949891067534,0.8540305010893247,0.934640522875817
test,0.51084304,0.06535947712418301,0.14379084967320266,0.8562091503267973,0.934640522875817
test,0.50951284,0.06753812636165578,0.14379084967320266,0.8562091503267973,0.9324618736383442
test,0.50624424,0.06753812636165578,0.1328976034858388,0.8671023965141612,0.9324618736383442
test,0.5060214,0.06971677559912855,0.1328976034858388,0.8671023965141612,0.9302832244008714
test,0.5054679,0.06971677559912855,0.1285403050108932,0.8714596949891068,0.9302832244008714
test,0.50310147,0.0718954248366013,0.1285403050108932,0.8714596949891068,0.9281045751633987
test,0.50219,0.0718954248366013,0.12418300653594772,0.8758169934640523,0.9281045751633987
test,0.50208753,0.07407407407407407,0.12418300653594772,0.8758169934640523,0.9259259259259259
test,0.49658343,0.07407407407407407,0.11546840958605664,0.8845315904139434,0.9259259259259259
test,0.49594936,0.07625272331154684,0.11546840958605664,0.8845315904139434,0.9237472766884531
test,0.49573442,0.07625272331154684,0.11328976034858385,0.8867102396514162,0.9237472766884531
test,0.4949161,0.0784313725490196,0.11328976034858385,0.8867102396514162,0.9215686274509804
test,0.49430192,0.0784313725490196,0.11111111111111116,0.8888888888888888,0.9215686274509804
test,0.49396735,0.08061002178649238,0.11111111111111116,0.8888888888888888,0.9193899782135077
test,0.49191752,0.08061002178649238,0.10893246187363836,0.8910675381263616,0.9193899782135077
test,0.48813298,0.08496732026143791,0.10893246187363836,0.8910675381263616,0.9150326797385621
test,0.48774493,0.08496732026143791,0.10675381263616557,0.8932461873638344,0.9150326797385621
test,0.48708078,0.08932461873638345,0.10675381263616557,0.8932461873638344,0.9106753812636166
test,0.48601535,0.08932461873638345,0.10021786492374729,0.8997821350762527,0.9106753812636166
test,0.4840041,0.09368191721132897,0.10021786492374729,0.8997821350762527,0.906318082788671
test,0.48100063,0.09368191721132897,0.0958605664488017,0.9041394335511983,0.906318082788671
test,0.47668988,0.09803921568627451,0.0958605664488017,0.9041394335511983,0.9019607843137255
test,0.4752615,0.09803921568627451,0.09150326797385622,0.9084967320261438,0.9019607843137255
test,0.47463712,0.10021786492374728,0.09150326797385622,0.9084967320261438,0.8997821350762527
test,0.4714883,0.10021786492374728,0.08496732026143794,0.9150326797385621,0.8997821350762527
test,0.4546622,0.11546840958605664,0.08496732026143794,0.9150326797385621,0.8845315904139434
test,0.4519349,0.11546840958605664,0.08061002178649235,0.9193899782135077,0.8845315904139434
test,0.44497722,0.11982570806100218,0.08061002178649235,0.9193899782135077,0.8801742919389979
test,0.44496593,0.11982570806100218,0.07843137254901966,0.9215686274509803,0.8801742919389979
test,0.4368108,0.1328976034858388,0.07843137254901966,0.9215686274509803,0.8671023965141612
test,0.43315482,0.1328976034858388,0.07189542483660127,0.9281045751633987,0.8671023965141612
test,0.43132767,0.1394335511982571,0.07189542483660127,0.9281045751633987,0.8605664488017429
test,0.42954865,0.1394335511982571,0.06971677559912859,0.9302832244008714,0.8605664488017429
test,0.4277873,0.14596949891067537,0.06971677559912859,0.9302832244008714,0.8540305010893247
test,0.42729017,0.14596949891067537,0.06753812636165579,0.9324618736383442,0.8540305010893247
test,0.42373872,0.1503267973856209,0.06753812636165579,0.9324618736383442,0.8496732026143791
test,0.42215776,0.1503267973856209,0.0631808278867102,0.9368191721132898,0.8496732026143791
test,0.42083645,0.15468409586056645,0.0631808278867102,0.9368191721132898,0.8453159041394336
test,0.41967914,0.15468409586056645,0.061002178649237515,0.9389978213507625,0.8453159041394336
test,0.41832593,0.1568627450980392,0.061002178649237515,0.9389978213507625,0.8431372549019608
test,0.4178582,0.1568627450980392,0.05882352941176472,0.9411764705882353,0.8431372549019608
test,0.40757585,0.18082788671023964,0.05882352941176472,0.9411764705882353,0.8191721132897604
test,0.4052249,0.18082788671023964,0.05664488017429192,0.9433551198257081,0.8191721132897604
test,0.40520465,0.1830065359477124,0.05664488017429192,0.9433551198257081,0.8169934640522876
test,0.4031894,0.1830065359477124,0.05446623093681913,0.9455337690631809,0.8169934640522876
test,0.401545,0.18518518518518517,0.05446623093681913,0.9455337690631809,0.8148148148148149
test,0.4014733,0.18518518518518517,0.05228758169934644,0.9477124183006536,0.8148148148148149
test,0.39975232,0.1895424836601307,0.05228758169934644,0.9477124183006536,0.8104575163398693
test,0.3981595,0.1895424836601307,0.050108932461873645,0.9498910675381264,0.8104575163398693
test,0.3960104,0.19389978213507625,0.050108932461873645,0.9498910675381264,0.8061002178649237
test,0.39188418,0.19389978213507625,0.04793028322440085,0.9520697167755992,0.8061002178649237
test,0.38774455,0.20261437908496732,0.04793028322440085,0.9520697167755992,0.7973856209150327
test,0.3872397,0.20261437908496732,0.04575163398692805,0.954248366013072,0.7973856209150327
test,0.38707316,0.2047930283224401,0.04575163398692805,0.954248366013072,0.7952069716775599
test,0.38622883,0.2047930283224401,0.04357298474945537,0.9564270152505446,0.7952069716775599
test,0.3735367,0.22657952069716775,0.04357298474945537,0.9564270152505446,0.7734204793028323
test,0.37285346,0.22657952069716775,0.04139433551198257,0.9586056644880174,0.7734204793028323
test,0.36912912,0.2374727668845316,0.04139433551198257,0.9586056644880174,0.7625272331154684
test,0.36875668,0.2374727668845316,0.03703703703703709,0.9629629629629629,0.7625272331154684
test,0.36006925,0.25925925925925924,0.03703703703703709,0.9629629629629629,0.7407407407407407
test,0.3599133,0.25925925925925924,0.034858387799564294,0.9651416122004357,0.7407407407407407
test,0.3505776,0.2788671023965142,0.034858387799564294,0.9651416122004357,0.7211328976034859
test,0.34999683,0.2788671023965142,0.0326797385620915,0.9673202614379085,0.7211328976034859
test,0.34094402,0.29193899782135074,0.0326797385620915,0.9673202614379085,0.7080610021786493
test,0.33899263,0.29193899782135074,0.030501089324618702,0.9694989106753813,0.7080610021786493
test,0.33527842,0.30718954248366015,0.030501089324618702,0.9694989106753813,0.6928104575163399
test,0.33145216,0.30718954248366015,0.028322440087146017,0.971677559912854,0.6928104575163399
test,0.32514003,0.3202614379084967,0.028322440087146017,0.971677559912854,0.6797385620915033
test,0.32459667,0.3202614379084967,0.02614379084967322,0.9738562091503268,0.6797385620915033
test,0.30146724,0.355119825708061,0.02614379084967322,0.9738562091503268,0.644880174291939
test,0.2990576,0.355119825708061,0.023965141612200425,0.9760348583877996,0.644880174291939
test,0.29052702,0.3747276688453159,0.023965141612200425,0.9760348583877996,0.6252723311546842
test,0.29038286,0.3747276688453159,0.02178649237472763,0.9782135076252724,0.6252723311546842
test,0.27003786,0.4226579520697168,0.02178649237472763,0.9782135076252724,0.5773420479302832
test,0.26881546,0.4226579520697168,0.019607843137254943,0.9803921568627451,0.5773420479302832
test,0.26369599,0.45098039215686275,0.019607843137254943,0.9803921568627451,0.5490196078431373
test,0.26322675,0.45098039215686275,0.017429193899782147,0.9825708061002179,0.5490196078431373
test,0.26013613,0.46405228758169936,0.017429193899782147,0.9825708061002179,0.5359477124183006
test,0.25855884,0.46405228758169936,0.015250544662309351,0.9847494553376906,0.5359477124183006
test,0.22821318,0.5468409586056645,0.015250544662309351,0.9847494553376906,0.4531590413943355
test,0.22461061,0.5468409586056645,0.01089324618736387,0.9891067538126361,0.4531590413943355
test,0.22438303,0.55119825708061,0.01089324618736387,0.9891067538126361,0.44880174291939
test,0.2214096,0.55119825708061,0.004357298474945481,0.9956427015250545,0.44880174291939
test,0.2170152,0.5620915032679739,0.004357298474945481,0.9956427015250545,0.43790849673202614
test,0.21684691,0.5620915032679739,0.002178649237472796,0.9978213507625272,0.43790849673202614
test,0.18317944,0.6122004357298475,0.002178649237472796,0.9978213507625272,0.3877995642701525
test,0.18118846,0.6122004357298475,0.0,1.0,0.3877995642701525
test,-0.19714521,1.0,0.0,1.0,0.0
