threshold,accuracy,tar,fmr,fnmr,female_accuracy,male_accuracy,female_tar,male_tar,female_fmr,male_fmr,female_fnmr,male_fnmr,fmr_disparity,fnmr_disparity,tar_disparity,accuracy_disparity,mean_disparity,fairness_score,balanced_score
-0.24367215,0.5,1.0,1.0,0.0,0.5903614457831325,0.812807881773399,1.0,1.0,1.0,1.0,0.0,0.0,0.0,0.0,0.0,0.22244643599026648,0.05561160899756662,0.9443883910024333,0.7221941955012167
-0.23754450994444445,0.5010893246187363,1.0,0.9978213507625272,0.0,0.5903614457831325,0.812807881773399,1.0,1.0,1.0,1.0,0.0,0.0,0.0,0.0,0.0,0.22244643599026648,0.05561160899756662,0.9443883910024333,0.7227388578105849
-0.2314168698888889,0.5010893246187363,1.0,0.9978213507625272,0.0,0.5903614457831325,0.812807881773399,1.0,1.0,1.0,1.0,0.0,0.0,0.0,0.0,0.0,0.22244643599026648,0.05561160899756662,0.9443883910024333,0.7227388578105849
-0.22528922983333333,0.5010893246187363,1.0,0.9978213507625272,0.0,0.5903614457831325,0.812807881773399,1.0,1.0,1.0,1.0,0.0,0.0,0.0,0.0,0.0,0.22244643599026648,0.05561160899756662,0.9443883910024333,0.7227388578105849
-0.21916158977777778,0.5021786492374728,1.0,0.9956427015250545,0.0,0.5923694779116466,0.812807881773399,1.0,1.0,0.9950980392156863,1.0,0.0,0.0,0.004901960784313708,0.0,0.0,0.2204384038617524,0.056335091161516526,0.9436649088384834,0.722921779037978
-0.21303394972222223,0.5021786492374728,1.0,0.9956427015250545,0.0,0.5923694779116466,0.812807881773399,1.0,1.0,0.9950980392156863,1.0,0.0,0.0,0.004901960784313708,0.0,0.0,0.2204384038617524,0.056335091161516526,0.9436649088384834,0.722921779037978
-0.20690630966666668,0.5021786492374728,1.0,0.9956427015250545,0.0,0.5923694779116466,0.812807881773399,1.0,1.0,0.9950980392156863,1.0,0.0,0.0,0.004901960784313708,0.0,0.0,0.2204384038617524,0.056335091161516526,0.9436649088384834,0.722921779037978
-0.20077866961111113,0.5021786492374728,1.0,0.9956427015250545,0.0,0.5923694779116466,0.812807881773399,1.0,1.0,0.9950980392156863,1.0,0.0,0.0,0.004901960784313708,0.0,0.0,0.2204384038617524,0.056335091161516526,0.9436649088384834,0.722921779037978
-0.19465102955555555,0.5043572984749455,1.0,0.9912854030501089,0.0,0.5943775100401606,0.812807881773399,1.0,1.0,0.9901960784313726,1.0,0.0,0.0,0.009803921568627416,0.0,0.0,0.21843037173323843,0.05705857332546646,0.9429414266745335,0.7236493625747396
-0.1885233895,0.5043572984749455,1.0,0.9912854030501089,0.0,0.5943775100401606,0.812807881773399,1.0,1.0,0.9901960784313726,1.0,0.0,0.0,0.009803921568627416,0.0,0.0,0.21843037173323843,0.05705857332546646,0.9429414266745335,0.7236493625747396
-0.18239574944444445,0.5054466230936819,1.0,0.9891067538126361,0.0,0.5943775100401606,0.812807881773399,1.0,1.0,0.9901960784313726,1.0,0.0,0.0,0.009803921568627416,0.0,0.0,0.21843037173323843,0.05705857332546646,0.9429414266745335,0.7241940248841077
-0.17626810938888887,0.5065359477124183,1.0,0.9869281045751634,0.0,0.5943775100401606,0.8177339901477833,1.0,1.0,0.9901960784313726,0.9736842105263158,0.0,0.0,0.016511867905056765,0.0,0.0,0.22335648010762266,0.059967087003169856,0.9400329129968301,0.7232844303546242
-0.17014046933333332,0.5087145969498911,1.0,0.9825708061002179,0.0,0.5963855421686747,0.8226600985221675,1.0,1.0,0.9852941176470589,0.9473684210526315,0.0,0.0,0.03792569659442735,0.0,0.0,0.2262745563534928,0.06605006323698004,0.93394993676302,0.7213322668564555
-0.16401282927777777,0.5098039215686274,1.0,0.9803921568627451,0.0,0.5963855421686747,0.8275862068965517,1.0,1.0,0.9852941176470589,0.9210526315789473,0.0,0.0,0.06424148606811153,0.0,0.0,0.23120066472787704,0.07386053769899714,0.9261394623010029,0.7179716919348151
-0.15788518922222222,0.5098039215686274,0.9978213507625272,0.9782135076252724,0.002178649237472767,0.5963855421686747,0.8226600985221675,1.0,0.9939393939393939,0.9852941176470589,0.9210526315789473,0.0,0.006060606060606061,0.06424148606811153,0.006060606060606061,0.0060606060606061,0.2262745563534928,0.07565931363570412,0.9243406863642959,0.7170723039664617
-0.15175754916666667,0.5130718954248366,0.9978213507625272,0.971677559912854,0.002178649237472767,0.5983935742971888,0.8226600985221675,1.0,0.9939393939393939,0.9803921568627451,0.9210526315789473,0.0,0.006060606060606061,0.05933952528379771,0.006060606060606061,0.0060606060606061,0.22426652422497872,0.07393181540749715,0.9260681845925028,0.7195700400086698
-0.14562990911111112,0.514161220043573,0.9978213507625272,0.9694989106753813,0.002178649237472767,0.5983935742971888,0.8226600985221675,1.0,0.9939393939393939,0.9803921568627451,0.9210526315789473,0.0,0.006060606060606061,0.05933952528379771,0.006060606060606061,0.0060606060606061,0.22426652422497872,0.07393181540749715,0.9260681845925028,0.7201147023180379
-0.13950226905555557,0.5174291938997821,0.9978213507625272,0.9629629629629629,0.002178649237472767,0.6024096385542169,0.8275862068965517,1.0,0.9939393939393939,0.9705882352941176,0.8947368421052632,0.0,0.006060606060606061,0.07585139318885448,0.006060606060606061,0.0060606060606061,0.2251765683423348,0.07828729341310035,0.9217127065868996,0.719570950243341
-0.133374629,0.5185185185185185,0.9978213507625272,0.9607843137254902,0.002178649237472767,0.6024096385542169,0.8275862068965517,1.0,0.9939393939393939,0.9705882352941176,0.8947368421052632,0.0,0.006060606060606061,0.07585139318885448,0.006060606060606061,0.0060606060606061,0.2251765683423348,0.07828729341310035,0.9217127065868996,0.7201156125527091
-0.12724698894444444,0.5239651416122004,0.9978213507625272,0.9498910675381264,0.002178649237472767,0.608433734939759,0.8325123152709359,1.0,0.9939393939393939,0.9558823529411765,0.868421052631579,0.0,0.006060606060606061,0.08746130030959753,0.006060606060606061,0.0060606060606061,0.2240785803311769,0.08091527319049664,0.9190847268095034,0.7215249342108518
-0.12111934888888888,0.5261437908496732,0.9956427015250545,0.9433551198257081,0.004357298474945534,0.6104417670682731,0.8325123152709359,0.9965986394557823,0.9939393939393939,0.946078431372549,0.868421052631579,0.003401360544217687,0.006060606060606061,0.07765737874097,0.0026592455163883737,0.0026592455163884088,0.2220705482026628,0.0762616044941024,0.9237383955058976,0.7249410931777854
-0.11499170883333332,0.5294117647058824,0.9956427015250545,0.9368191721132898,0.004357298474945534,0.6124497991967871,0.8325123152709359,0.9965986394557823,0.9939393939393939,0.9411764705882353,0.868421052631579,0.003401360544217687,0.006060606060606061,0.0727554179566563,0.0026592455163883737,0.0026592455163884088,0.22006251607414884,0.07453410626589548,0.9254658937341045,0.7274388292199934
-0.10886406877777777,0.5359477124183006,0.9934640522875817,0.9215686274509803,0.006535947712418301,0.6204819277108434,0.8275862068965517,0.9965986394557823,0.9878787878787879,0.9215686274509803,0.868421052631579,0.003401360544217687,0.012121212121212121,0.053147574819401355,0.008719851576994434,0.008719851576994397,0.20710427918570828,0.06942288928977461,0.9305771107102254,0.733262411564263
-0.10273642872222222,0.5381263616557734,0.9934640522875817,0.9172113289760349,0.006535947712418301,0.6204819277108434,0.8275862068965517,0.9965986394557823,0.9878787878787879,0.9215686274509803,0.868421052631579,0.003401360544217687,0.012121212121212121,0.053147574819401355,0.008719851576994434,0.008719851576994397,0.20710427918570828,0.06942288928977461,0.9305771107102254,0.7343517361829994
-0.09660878866666667,0.5468409586056645,0.9934640522875817,0.8997821350762527,0.006535947712418301,0.6265060240963856,0.8374384236453202,0.9965986394557823,0.9878787878787879,0.9068627450980392,0.8157894736842105,0.003401360544217687,0.012121212121212121,0.0910732714138287,0.008719851576994434,0.008719851576994397,0.2109323995489346,0.07986134352918804,0.9201386564708119,0.7334898075382382
-0.09048114861111112,0.5577342047930284,0.9934640522875817,0.8779956427015251,0.006535947712418301,0.6365461847389559,0.8423645320197044,0.9965986394557823,0.9878787878787879,0.8823529411764706,0.7894736842105263,0.003401360544217687,0.012121212121212121,0.09287925696594423,0.008719851576994434,0.008719851576994397,0.20581834728074855,0.07903432685017041,0.9209656731498296,0.739349938971429
-0.08435350855555554,0.5631808278867102,0.9934640522875817,0.8671023965141612,0.006535947712418301,0.6405622489959839,0.8423645320197044,0.9965986394557823,0.9878787878787879,0.8725490196078431,0.7894736842105263,0.003401360544217687,0.012121212121212121,0.08307533539731682,0.008719851576994434,0.008719851576994397,0.2018022830237205,0.07557933039375654,0.9244206696062435,0.7438007487464768
-0.07822586849999999,0.5718954248366013,0.9934640522875817,0.8496732026143791,0.006535947712418301,0.6445783132530121,0.8423645320197044,0.9965986394557823,0.9878787878787879,0.8627450980392157,0.7894736842105263,0.003401360544217687,0.012121212121212121,0.0732714138286894,0.008719851576994434,0.008719851576994397,0.19778621876669233,0.07212433393734265,0.9278756660626574,0.7498855454496294
-0.07209822844444444,0.579520697167756,0.9934640522875817,0.8344226579520697,0.006535947712418301,0.6526104417670683,0.8472906403940886,0.9965986394557823,0.9878787878787879,0.8431372549019608,0.7631578947368421,0.003401360544217687,0.012121212121212121,0.07997936016511864,0.008719851576994434,0.008719851576994397,0.19468019862702035,0.07302481548653196,0.926975184513468,0.7532479408406121
-0.06597058838888889,0.5882352941176471,0.9934640522875817,0.8169934640522876,0.006535947712418301,0.6586345381526104,0.8522167487684729,0.9965986394557823,0.9878787878787879,0.8284313725490197,0.7368421052631579,0.003401360544217687,0.012121212121212121,0.09158926728586181,0.008719851576994434,0.008719851576994397,0.19358221061586245,0.07565279526392828,0.9243472047360717,0.7562912494268594
-0.05984294833333331,0.5958605664488017,0.9934640522875817,0.8017429193899782,0.006535947712418301,0.6646586345381527,0.8522167487684729,0.9965986394557823,0.9878787878787879,0.8137254901960784,0.7368421052631579,0.003401360544217687,0.012121212121212121,0.07688338493292057,0.008719851576994434,0.008719851576994397,0.1875581142303202,0.07047030057930741,0.9295296994206926,0.7626951329347471
-0.05371530827777776,0.6002178649237473,0.9934640522875817,0.7930283224400871,0.006535947712418301,0.6726907630522089,0.8522167487684729,0.9965986394557823,0.9878787878787879,0.7941176470588235,0.7368421052631579,0.003401360544217687,0.012121212121212121,0.05727554179566563,0.008719851576994434,0.008719851576994397,0.179525985716264,0.06356030766647962,0.9364396923335204,0.7683287786286339
-0.04758766822222221,0.6100217864923747,0.9912854030501089,0.7712418300653595,0.008714596949891068,0.6746987951807228,0.8522167487684729,0.9931972789115646,0.9878787878787879,0.7843137254901961,0.7368421052631579,0.006802721088435374,0.012121212121212121,0.047471620227038214,0.005318491032776747,0.0053184910327767065,0.17751795358775002,0.058906638970085426,0.9410933610299146,0.7755575737611446
-0.04146002816666666,0.6241830065359477,0.9912854030501089,0.7429193899782135,0.008714596949891068,0.6827309236947792,0.8571428571428571,0.9931972789115646,0.9878787878787879,0.7647058823529411,0.7105263157894737,0.006802721088435374,0.012121212121212121,0.05417956656346745,0.005318491032776747,0.0053184910327767065,0.17441193344807793,0.05980712051927471,0.9401928794807253,0.7821879430083365
-0.03533238811111111,0.6350762527233116,0.9912854030501089,0.7211328976034859,0.008714596949891068,0.6907630522088354,0.8571428571428571,0.9931972789115646,0.9878787878787879,0.7450980392156863,0.7105263157894737,0.006802721088435374,0.012121212121212121,0.03457172342621262,0.005318491032776747,0.0053184910327767065,0.1663798049340217,0.05289712760644695,0.9471028723935531,0.7910895625584323
-0.029204748055555535,0.6546840958605664,0.9912854030501089,0.681917211328976,0.008714596949891068,0.7008032128514057,0.8669950738916257,0.9931972789115646,0.9878787878787879,0.7205882352941176,0.6578947368421053,0.006802721088435374,0.012121212121212121,0.06269349845201233,0.005318491032776747,0.0053184910327767065,0.16619186104022,0.05988058538944645,0.9401194146105536,0.79740175523556
-0.023077107999999985,0.6666666666666666,0.9891067538126361,0.6557734204793029,0.010893246187363835,0.7108433734939759,0.8620689655172413,0.9931972789115646,0.9818181818181818,0.696078431372549,0.6578947368421053,0.006802721088435374,0.01818181818181818,0.03818369453044368,0.011379097093382806,0.011379097093382806,0.15122559202326546,0.05304187018511869,0.9469581298148813,0.806812398240774
-0.016949467944444435,0.6775599128540305,0.9847494553376906,0.6296296296296297,0.015250544662309368,0.714859437751004,0.8571428571428571,0.9897959183673469,0.9757575757575757,0.6813725490196079,0.6578947368421053,0.01020408163265306,0.024242424242424242,0.023477812177502555,0.014038342609771182,0.014038342609771215,0.14228341939185307,0.04845947919722451,0.9515405208027755,0.814550216828403
-0.010821827888888885,0.6917211328976035,0.9825708061002179,0.599128540305011,0.017429193899782137,0.7269076305220884,0.8669950738916257,0.9863945578231292,0.9757575757575757,0.6470588235294118,0.6052631578947368,0.013605442176870748,0.024242424242424242,0.04179566563467496,0.010636982065553495,0.010636982065553524,0.14008744336953727,0.05078926828382981,0.9492107317161702,0.8204659323068868
-0.004694187833333308,0.7080610021786492,0.9803921568627451,0.5642701525054467,0.0196078431372549,0.7349397590361446,0.8768472906403941,0.9829931972789115,0.9757575757575757,0.6225490196078431,0.5526315789473685,0.017006802721088437,0.024242424242424242,0.06991744066047467,0.0072356215213358055,0.007235621521335833,0.14190753160424951,0.056574053826848957,0.943425946173151,0.8257434741759001
0.0014334522222222423,0.7113289760348583,0.9738562091503268,0.55119825708061,0.026143790849673203,0.7409638554216867,0.8669950738916257,0.9829931972789115,0.9575757575757575,0.6078431372549019,0.5263157894736842,0.017006802721088437,0.04242424242424243,0.08152734778121773,0.02541743970315399,0.02541743970315402,0.12603121846993892,0.06459836141436617,0.9354016385856339,0.823365307310246
0.0075610922777777645,0.724400871459695,0.9694989106753813,0.5206971677559913,0.030501089324618737,0.7469879518072289,0.8669950738916257,0.9795918367346939,0.9515151515151515,0.5882352941176471,0.5,0.02040816326530612,0.048484848484848485,0.08823529411764708,0.028076685219542364,0.02807668521954232,0.12000712208439679,0.06609894666028214,0.9339010533397178,0.8291509623997064
0.01368873233333337,0.7342047930283224,0.9607843137254902,0.4923747276688453,0.0392156862745098,0.7570281124497992,0.8571428571428571,0.9727891156462585,0.9393939393939394,0.553921568627451,0.5,0.027210884353741496,0.06060606060606061,0.05392156862745101,0.03339517625231911,0.033395176252319025,0.10011474469305792,0.05520666645628677,0.9447933335437132,0.8394990632860178
0.01981637238888892,0.7440087145969498,0.9586056644880174,0.47058823529411764,0.04139433551198257,0.7650602409638554,0.8571428571428571,0.9693877551020408,0.9393939393939394,0.5294117647058824,0.5,0.030612244897959183,0.06060606060606061,0.02941176470588236,0.029993815708101425,0.029993815708101335,0.09208261617900171,0.045370503075271705,0.9546294969247283,0.8493191057608391
0.02594401244444447,0.7527233115468409,0.9564270152505446,0.45098039215686275,0.04357298474945534,0.7730923694779116,0.8571428571428571,0.9659863945578231,0.9393939393939394,0.5049019607843137,0.5,0.034013605442176874,0.06060606060606061,0.004901960784313708,0.026592455163883734,0.026592455163883644,0.0840504876649455,0.03553433969425664,0.9644656603057433,0.8585944859262922
0.03207165250000002,0.7636165577342048,0.954248366013072,0.42701525054466233,0.0457516339869281,0.7771084337349398,0.8571428571428571,0.9625850340136054,0.9393939393939394,0.49019607843137253,0.5,0.03741496598639456,0.06060606060606061,0.009803921568627472,0.02319109461966605,0.023191094619665953,0.08003442340791733,0.034055133553969205,0.9659448664460308,0.8647807120901179
0.03819929255555557,0.7788671023965141,0.9498910675381264,0.39215686274509803,0.05010893246187364,0.7911646586345381,0.8620689655172413,0.9625850340136054,0.9272727272727272,0.45588235294117646,0.42105263157894735,0.03741496598639456,0.07272727272727272,0.034829721362229116,0.035312306740878166,0.03531230674087815,0.07090430688270322,0.04408966043167216,0.9559103395683278,0.8673887209824209
0.04432693261111112,0.7843137254901961,0.9433551198257081,0.3747276688453159,0.05664488017429194,0.7951807228915663,0.8620689655172413,0.9523809523809523,0.9272727272727272,0.43137254901960786,0.42105263157894735,0.047619047619047616,0.07272727272727272,0.01031991744066052,0.025108225108225107,0.02510822510822508,0.06688824262567505,0.03185615257069644,0.9681438474293036,0.8762287864597498
0.05045457266666667,0.7930283224400871,0.9411764705882353,0.355119825708061,0.058823529411764705,0.7991967871485943,0.8620689655172413,0.9489795918367347,0.9272727272727272,0.4166666666666667,0.42105263157894735,0.05102040816326531,0.07272727272727272,0.00438596491228066,0.021706864564007416,0.0217068645640075,0.062872178368647,0.027667968102235645,0.9723320318977644,0.8826801771689258
0.05658221272222222,0.8017429193899782,0.9389978213507625,0.3355119825708061,0.06100217864923747,0.8052208835341366,0.8669950738916257,0.9455782312925171,0.9272727272727272,0.39705882352941174,0.39473684210526316,0.05442176870748299,0.07272727272727272,0.002321981424148578,0.018305504019789733,0.01830550401978981,0.0617741903574891,0.025176794955304303,0.9748232050446957,0.888283062217337
0.06270985277777777,0.8137254901960784,0.9368191721132898,0.3093681917211329,0.06318082788671024,0.8172690763052208,0.8620689655172413,0.9455782312925171,0.9212121212121213,0.36764705882352944,0.39473684210526316,0.05442176870748299,0.07878787878787878,0.027089783281733726,0.02436611008039579,0.024366110080395798,0.044799889212020494,0.030155473163636454,0.9698445268363636,0.891785008516221
0.06883749283333337,0.8257080610021786,0.934640522875817,0.28322440087145967,0.06535947712418301,0.8253012048192772,0.8669950738916257,0.9421768707482994,0.9212121212121213,0.3431372549019608,0.3684210526315789,0.05782312925170068,0.07878787878787878,0.02528379772961814,0.0209647495361781,0.020964749536178107,0.04169386907234851,0.027226791468580716,0.9727732085314192,0.8992406347667989
0.07496513288888892,0.8420479302832244,0.934640522875817,0.25054466230936817,0.06535947712418301,0.8453815261044176,0.8669950738916257,0.9421768707482994,0.9212121212121213,0.29411764705882354,0.3684210526315789,0.05782312925170068,0.07878787878787878,0.07430340557275539,0.0209647495361781,0.020964749536178107,0.02161354778720803,0.03446161310807991,0.9655383868919201,0.9037931585875723
0.08109277294444447,0.8453159041394336,0.9281045751633987,0.2374727668845316,0.0718954248366013,0.8413654618473896,0.8719211822660099,0.9319727891156463,0.9212121212121213,0.28921568627450983,0.34210526315789475,0.06802721088435375,0.07878787878787878,0.052889576883384914,0.010760667903525034,0.010760667903525034,0.030555720418620314,0.026241658277263824,0.9737583417227362,0.9095371229310849
0.08722041300000002,0.8572984749455338,0.9237472766884531,0.20915032679738563,0.07625272331154684,0.8514056224899599,0.8669950738916257,0.9285714285714286,0.9151515151515152,0.25980392156862747,0.34210526315789475,0.07142857142857142,0.08484848484848485,0.08230134158926727,0.013419913419913429,0.013419913419913443,0.015589451401665788,0.031182654957689983,0.96881734504231,0.9130579099939219
0.09334805305555557,0.8616557734204793,0.9215686274509804,0.19825708061002179,0.0784313725490196,0.8534136546184738,0.8719211822660099,0.9285714285714286,0.9090909090909091,0.2549019607843137,0.2894736842105263,0.07142857142857142,0.09090909090909091,0.03457172342621262,0.019480519480519487,0.019480519480519543,0.01850752764753605,0.023010072508696924,0.9769899274913031,0.9193228504558912
0.09947569311111112,0.869281045751634,0.9172113289760349,0.1786492374727669,0.08278867102396514,0.8594377510040161,0.8620689655172413,0.9285714285714286,0.896969696969697,0.24019607843137256,0.2894736842105263,0.07142857142857142,0.10303030303030303,0.04927760577915377,0.0316017316017316,0.03160173160173163,0.002631214513225233,0.02877807087396056,0.9712219291260394,0.9202514874388368
0.10560333316666667,0.8725490196078431,0.9150326797385621,0.16993464052287582,0.08496732026143791,0.8594377510040161,0.8669950738916257,0.9251700680272109,0.896969696969697,0.23529411764705882,0.2631578947368421,0.07482993197278912,0.10303030303030303,0.02786377708978327,0.028200371057513912,0.02820037105751394,0.007557322887609574,0.022955460523105174,0.9770445394768948,0.924796779542369
0.11173097322222222,0.8725490196078431,0.9041394335511983,0.15904139433551198,0.09586056644880174,0.857429718875502,0.8620689655172413,0.9115646258503401,0.8909090909090909,0.22058823529411764,0.2631578947368421,0.08843537414965986,0.10909090909090909,0.04256965944272445,0.02065553494124922,0.020655534941249276,0.004639246641739314,0.022129993991740565,0.9778700060082595,0.9252095128080513
0.11785861327777777,0.8769063180827886,0.9019607843137255,0.14814814814814814,0.09803921568627451,0.8614457831325302,0.8620689655172413,0.9081632653061225,0.8909090909090909,0.20588235294117646,0.2631578947368421,0.09183673469387756,0.10909090909090909,0.05727554179566563,0.01725417439703153,0.017254174397031585,0.0006231823847111517,0.023101768243609974,0.97689823175639,0.9269022749195893
0.12398625333333338,0.8769063180827886,0.8976034858387799,0.1437908496732026,0.10239651416122005,0.8634538152610441,0.8571428571428571,0.9081632653061225,0.8787878787878788,0.20098039215686275,0.23684210526315788,0.09183673469387756,0.12121212121212122,0.03586171310629513,0.02937538651824366,0.029375386518243674,0.006310958118187049,0.025230861065242378,0.9747691389347576,0.9258377285087731
0.13011389338888893,0.8812636165577342,0.8910675381263616,0.12854030501089325,0.10893246187363835,0.8654618473895582,0.8620689655172413,0.8979591836734694,0.8787878787878788,0.18137254901960784,0.21052631578947367,0.10204081632653061,0.12121212121212122,0.029153766769865835,0.0191713048855906,0.0191713048855906,0.0033928818723168996,0.017722314603340984,0.982277685396659,0.9317706509771966
0.13624153344444448,0.8845315904139434,0.8888888888888888,0.11982570806100218,0.1111111111111111,0.8694779116465864,0.8620689655172413,0.8945578231292517,0.8787878787878788,0.16666666666666666,0.21052631578947367,0.1054421768707483,0.12121212121212122,0.043859649122807015,0.01576994434137291,0.01576994434137291,0.007408946129345062,0.020702120983724474,0.9792978790162755,0.9319147347151094
0.14236917350000003,0.8888888888888888,0.8823529411764706,0.10457516339869281,0.11764705882352941,0.8734939759036144,0.8719211822660099,0.8843537414965986,0.8787878787878788,0.14215686274509803,0.15789473684210525,0.11564625850340136,0.12121212121212122,0.01573787409700722,0.0055658627087198514,0.005565862708719838,0.0015727936376045415,0.007110598288012863,0.9928894017119871,0.940889145300438
0.14849681355555558,0.8910675381263616,0.8801742919389979,0.09803921568627451,0.11982570806100218,0.8755020080321285,0.8719211822660099,0.8809523809523809,0.8787878787878788,0.1323529411764706,0.15789473684210525,0.11904761904761904,0.12121212121212122,0.025541795665634665,0.0021645021645021745,0.0021645021645021467,0.0035808257661186227,0.008362906440189402,0.9916370935598106,0.9413523158430861
0.15462445361111113,0.8910675381263616,0.8736383442265795,0.0915032679738562,0.12636165577342048,0.8755020080321285,0.8719211822660099,0.8741496598639455,0.8727272727272728,0.12254901960784313,0.13157894736842105,0.12585034013605442,0.12727272727272726,0.009029927760577913,0.001422387136672837,0.0014223871366727536,0.0035808257661186227,0.0038638819500105316,0.9961361180499895,0.9436018280881755
0.16075209366666668,0.8867102396514162,0.8649237472766884,0.0915032679738562,0.13507625272331156,0.8694779116465864,0.8669950738916257,0.8639455782312925,0.8666666666666667,0.12254901960784313,0.13157894736842105,0.1360544217687075,0.13333333333333333,0.009029927760577913,0.0027210884353741638,0.0027210884353742193,0.0024828377549607206,0.004238735596571754,0.9957612644034283,0.9412357520274222
0.16687973372222223,0.8888888888888888,0.8627450980392157,0.08496732026143791,0.13725490196078433,0.8734939759036144,0.8620689655172413,0.8639455782312925,0.8606060606060606,0.11274509803921569,0.13157894736842105,0.1360544217687075,0.1393939393939394,0.018833849329205357,0.003339517625231908,0.0033395176252318803,0.011425010386373113,0.009234473741510565,0.9907655262584895,0.9398272075736891
0.17300737377777778,0.8910675381263616,0.8540305010893247,0.0718954248366013,0.14596949891067537,0.8755020080321285,0.8522167487684729,0.8571428571428572,0.8484848484848485,0.09803921568627451,0.13157894736842105,0.14285714285714285,0.15151515151515152,0.03353973168214654,0.00865800865800867,0.008658008658008698,0.023285259263655655,0.01853525206545489,0.9814647479345451,0.9362661430304533
0.17913501383333338,0.8921568627450981,0.8496732026143791,0.06535947712418301,0.1503267973856209,0.8734939759036144,0.8522167487684729,0.8503401360544218,0.8484848484848485,0.09313725490196079,0.13157894736842105,0.14965986394557823,0.15151515151515152,0.03844169246646026,0.0018552875695732884,0.0018552875695733162,0.021277227135141574,0.01585737368518711,0.9841426263148129,0.9381497445299555
0.18526265388888893,0.8943355119825708,0.8431372549019608,0.054466230936819175,0.1568627450980392,0.8755020080321285,0.8522167487684729,0.8435374149659864,0.8424242424242424,0.0784313725490196,0.10526315789473684,0.1564625850340136,0.15757575757575756,0.02683178534571723,0.0011131725417439509,0.0011131725417440341,0.023285259263655655,0.013085847423215217,0.9869141525767848,0.9406248322796777
0.19139029394444448,0.8921568627450981,0.8344226579520697,0.05010893246187364,0.1655773420479303,0.8694779116465864,0.8522167487684729,0.8299319727891157,0.8424242424242424,0.07352941176470588,0.10526315789473684,0.17006802721088435,0.15757575757575756,0.03173374613003095,0.012492269635126785,0.01249226963512673,0.017261162878113523,0.018494862069599497,0.9815051379304005,0.9368310003377494
0.19751793400000003,0.8899782135076253,0.8235294117647058,0.04357298474945534,0.17647058823529413,0.8674698795180723,0.8472906403940886,0.8231292517006803,0.8242424242424242,0.06862745098039216,0.05263157894736842,0.17687074829931973,0.17575757575757575,0.015995872033023745,0.0011131725417439786,0.001113172541743923,0.020179239123983672,0.00960036406012383,0.9903996359398761,0.9401889247237507
0.20364557405555558,0.8888888888888888,0.8191721132897604,0.04139433551198257,0.18082788671023964,0.8634538152610441,0.8522167487684729,0.8163265306122449,0.8242424242424242,0.06862745098039216,0.02631578947368421,0.1836734693877551,0.17575757575757575,0.042311661506707954,0.00791589363017936,0.007915893630179305,0.01123706649257128,0.017345128814909475,0.9826548711850905,0.9357718800369896
0.20977321411111113,0.8932461873638344,0.8191721132897604,0.032679738562091505,0.18082788671023964,0.8714859437751004,0.8522167487684729,0.8163265306122449,0.8242424242424242,0.049019607843137254,0.02631578947368421,0.1836734693877551,0.17575757575757575,0.022703818369453045,0.00791589363017936,0.007915893630179305,0.019269195006627493,0.0144512001591098,0.9855487998408902,0.9393974936023624
0.21590085416666668,0.8910675381263616,0.8104575163398693,0.02832244008714597,0.1895424836601307,0.8654618473895582,0.8472906403940886,0.8061224489795918,0.8181818181818181,0.049019607843137254,0.02631578947368421,0.19387755102040816,0.18181818181818182,0.022703818369453045,0.012059369202226333,0.012059369202226278,0.01817120699546959,0.01624844094234381,0.9837515590576562,0.9374095485920089
0.22202849422222223,0.8877995642701525,0.803921568627451,0.02832244008714597,0.19607843137254902,0.8634538152610441,0.8374384236453202,0.8027210884353742,0.806060606060606,0.049019607843137254,0.02631578947368421,0.19727891156462585,0.19393939393939394,0.022703818369453045,0.003339517625231908,0.0033395176252318803,0.02601539161572397,0.013849561308910201,0.9861504386910898,0.9369750014806211
0.22815613427777778,0.8845315904139434,0.7930283224400871,0.023965141612200435,0.20697167755991286,0.8614457831325302,0.8226600985221675,0.7959183673469388,0.7878787878787878,0.04411764705882353,0.02631578947368421,0.20408163265306123,0.21212121212121213,0.017801857585139323,0.008039579468150898,0.008039579468150926,0.03878568461036269,0.01816667528295096,0.981833324717049,0.9331824575654961
0.2342837743333334,0.883442265795207,0.7864923747276689,0.0196078431372549,0.21350762527233116,0.8594377510040161,0.8177339901477833,0.7891156462585034,0.7818181818181819,0.0392156862745098,0.02631578947368421,0.2108843537414966,0.21818181818181817,0.012899896800825594,0.0072974644403215605,0.007297464440321533,0.04170376085623284,0.017299646634425382,0.9827003533655746,0.9330713095803909
0.24041141438888894,0.8801742919389978,0.7799564270152506,0.0196078431372549,0.22004357298474944,0.8554216867469879,0.812807881773399,0.782312925170068,0.7757575757575758,0.0392156862745098,0.02631578947368421,0.21768707482993196,0.22424242424242424,0.012899896800825594,0.006555349412492278,0.006555349412492251,0.04261380497358891,0.017156100149849758,0.9828438998501502,0.931509095894574
0.2465390544444445,0.8758169934640523,0.7690631808278867,0.017429193899782137,0.23093681917211328,0.8473895582329317,0.812807881773399,0.7653061224489796,0.7757575757575758,0.03431372549019608,0.02631578947368421,0.23469387755102042,0.22424242424242424,0.007997936016511872,0.010451453308596176,0.010451453308596204,0.034581676459532695,0.015870629773309237,0.9841293702266908,0.9299731818453716
0.2526666945,0.8747276688453159,0.7625272331154684,0.013071895424836602,0.2374727668845316,0.8473895582329317,0.8078817733990148,0.7585034013605443,0.7696969696969697,0.024509803921568627,0.02631578947368421,0.24149659863945577,0.23030303030303031,0.001805985552115582,0.011193568336425458,0.011193568336425375,0.039507784833916926,0.015925226764720836,0.9840747732352791,0.9294012210402975
0.25879433455555556,0.869281045751634,0.7516339869281046,0.013071895424836602,0.24836601307189543,0.8393574297188755,0.8029556650246306,0.7448979591836735,0.7636363636363637,0.024509803921568627,0.02631578947368421,0.25510204081632654,0.23636363636363636,0.001805985552115582,0.018738404452690177,0.01873840445269015,0.03640176469424494,0.018921139787935214,0.9810788602120648,0.9251799529818494
0.2649219746111112,0.8681917211328976,0.7494553376906319,0.013071895424836602,0.25054466230936817,0.8393574297188755,0.7980295566502463,0.7448979591836735,0.7575757575757576,0.024509803921568627,0.02631578947368421,0.25510204081632654,0.24242424242424243,0.001805985552115582,0.012677798392084105,0.01267779839208405,0.04132787306862917,0.01712236385122823,0.9828776361487718,0.9255346786408347
0.27104961466666677,0.8671023965141612,0.747276688453159,0.013071895424836602,0.25272331154684097,0.8393574297188755,0.7931034482758621,0.7448979591836735,0.7515151515151515,0.024509803921568627,0.02631578947368421,0.25510204081632654,0.24848484848484848,0.001805985552115582,0.006617192331478061,0.00661719233147795,0.0462539814430134,0.01532358791452125,0.9846764120854787,0.92588940429982
0.2771772547222223,0.8638344226579521,0.7407407407407407,0.013071895424836602,0.25925925925925924,0.8353413654618473,0.7881773399014779,0.7380952380952381,0.7454545454545455,0.024509803921568627,0.02631578947368421,0.2619047619047619,0.2545454545454545,0.001805985552115582,0.007359307359307399,0.007359307359307343,0.04716402556036947,0.01592215645777495,0.984077843542225,0.9239561331000885
0.28330489477777787,0.8616557734204793,0.7363834422657952,0.013071895424836602,0.2636165577342048,0.8333333333333334,0.7832512315270936,0.7346938775510203,0.7393939393939394,0.024509803921568627,0.02631578947368421,0.2653061224489796,0.2606060606060606,0.001805985552115582,0.00470006184291899,0.0047000618429190455,0.05008210180623973,0.015322052761048338,0.9846779472389516,0.9231668603297154
0.2894325348333334,0.8616557734204793,0.7363834422657952,0.013071895424836602,0.2636165577342048,0.8333333333333334,0.7832512315270936,0.7346938775510203,0.7393939393939394,0.024509803921568627,0.02631578947368421,0.2653061224489796,0.2606060606060606,0.001805985552115582,0.00470006184291899,0.0047000618429190455,0.05008210180623973,0.015322052761048338,0.9846779472389516,0.9231668603297154
0.29556017488888897,0.8562091503267973,0.7254901960784313,0.013071895424836602,0.27450980392156865,0.8253012048192772,0.7783251231527094,0.7210884353741497,0.7333333333333334,0.024509803921568627,0.02631578947368421,0.2789115646258503,0.26666666666666666,0.001805985552115582,0.012244897959183654,0.01224489795918371,0.04697608166656775,0.018317965784262674,0.9816820342157373,0.9189455922712673
0.3016878149444445,0.855119825708061,0.7233115468409586,0.013071895424836602,0.2766884531590414,0.8232931726907631,0.7783251231527094,0.717687074829932,0.7333333333333334,0.024509803921568627,0.02631578947368421,0.282312925170068,0.26666666666666666,0.001805985552115582,0.015646258503401345,0.0156462585034014,0.04496804953805367,0.019516638024243,0.980483361975757,0.9178015938419091
0.30781545500000007,0.8518518518518519,0.7167755991285403,0.013071895424836602,0.28322440087145967,0.8192771084337349,0.7733990147783252,0.7108843537414966,0.7272727272727273,0.024509803921568627,0.02631578947368421,0.2891156462585034,0.2727272727272727,0.001805985552115582,0.016388373531230682,0.016388373531230682,0.045878093655409735,0.02011520656749667,0.9798847934325033,0.9158683226421775
0.3139430950555556,0.8496732026143791,0.7124183006535948,0.013071895424836602,0.2875816993464052,0.8152610441767069,0.7733990147783252,0.7040816326530612,0.7272727272727273,0.024509803921568627,0.02631578947368421,0.29591836734693877,0.2727272727272727,0.001805985552115582,0.023191094619666064,0.023191094619666064,0.041862029398381684,0.02251255104745735,0.9774874489525427,0.9135803257834609
0.32007073511111117,0.8485838779956427,0.7080610021786493,0.010893246187363835,0.29193899782135074,0.8112449799196787,0.7783251231527094,0.6972789115646258,0.7272727272727273,0.024509803921568627,0.0,0.30272108843537415,0.2727272727272727,0.024509803921568627,0.029993815708101446,0.029993815708101446,0.03291985676696929,0.0293543230261852,0.9706456769738148,0.9096147774847287
0.3261983751666667,0.8420479302832244,0.6928104575163399,0.008714596949891068,0.30718954248366015,0.8012048192771084,0.7733990147783252,0.6768707482993197,0.7212121212121212,0.0196078431372549,0.0,0.3231292517006803,0.2787878787878788,0.0196078431372549,0.04434137291280149,0.04434137291280149,0.027805804498783226,0.034024098365410274,0.9659759016345897,0.9040119159589071
0.33232601522222227,0.8398692810457516,0.6862745098039216,0.006535947712418301,0.3137254901960784,0.7971887550200804,0.7733990147783252,0.6666666666666667,0.7212121212121212,0.014705882352941176,0.0,0.3333333333333333,0.2787878787878788,0.014705882352941176,0.05454545454545451,0.05454545454545445,0.023789740241755175,0.03689663292140133,0.9631033670785987,0.9014863240621751
0.3384536552777778,0.835511982570806,0.6753812636165577,0.004357298474945534,0.32461873638344224,0.7911646586345381,0.7684729064039408,0.653061224489796,0.7151515151515151,0.00980392156862745,0.0,0.3469387755102041,0.28484848484848485,0.00980392156862745,0.06209029066171923,0.062090290661719116,0.022691752230597273,0.039169063780665765,0.9608309362193342,0.8981714593950701
0.34458129533333337,0.8300653594771242,0.6644880174291938,0.004357298474945534,0.3355119825708061,0.785140562248996,0.7586206896551724,0.6428571428571428,0.703030303030303,0.00980392156862745,0.0,0.35714285714285715,0.296969696969697,0.00980392156862745,0.060173160173160156,0.06017316017316021,0.0265198725938236,0.03916752862719285,0.9608324713728071,0.8954489154249656
0.3507089353888889,0.8235294117647058,0.6514161220043573,0.004357298474945534,0.3485838779956427,0.7771084337349398,0.7487684729064039,0.629251700680272,0.6909090909090909,0.00980392156862745,0.0,0.3707482993197279,0.3090909090909091,0.00980392156862745,0.06165739022881883,0.06165739022881889,0.02833996082853585,0.04036466571370025,0.9596353342862998,0.8915823730255028
0.35683657544444447,0.8224400871459695,0.6470588235294117,0.002178649237472767,0.35294117647058826,0.7751004016064257,0.7487684729064039,0.6224489795918368,0.6909090909090909,0.004901960784313725,0.0,0.37755102040816324,0.3090909090909091,0.004901960784313725,0.06846011131725416,0.06846011131725416,0.026331928700021767,0.04203852802971095,0.957961471970289,0.8902007795581293
0.3629642155,0.8159041394335512,0.6339869281045751,0.002178649237472767,0.3660130718954248,0.7670682730923695,0.7389162561576355,0.608843537414966,0.6787878787878787,0.004901960784313725,0.0,0.391156462585034,0.3212121212121212,0.004901960784313725,0.06994434137291278,0.06994434137291272,0.028152016934734014,0.043235665116218305,0.9567643348837817,0.8863342371586664
0.36909185555555557,0.8115468409586056,0.6230936819172113,0.0,0.3769063180827887,0.7610441767068273,0.7339901477832512,0.5952380952380952,0.6727272727272727,0.0,0.0,0.40476190476190477,0.32727272727272727,0.0,0.0774891774891775,0.0774891774891775,0.027054028923576112,0.045508095975482776,0.9544919040245172,0.8830193724915614
0.37521949561111123,0.8006535947712419,0.6013071895424836,0.0,0.39869281045751637,0.7469879518072289,0.7192118226600985,0.5714285714285714,0.6545454545454545,0.0,0.0,0.42857142857142855,0.34545454545454546,0.0,0.08311688311688309,0.08311688311688314,0.027776129147130346,0.048502473845224145,0.9514975261547759,0.8760755604630088
0.3813471356666668,0.7952069716775599,0.5904139433551199,0.0,0.4095860566448802,0.7389558232931727,0.7142857142857143,0.5578231292517006,0.6484848484848484,0.0,0.0,0.4421768707482993,0.3515151515151515,0.0,0.09066171923314781,0.09066171923314781,0.024670109007458363,0.051498386868438495,0.9485016131315616,0.8718542924045607
0.38747477572222233,0.7886710239651417,0.5773420479302832,0.0,0.4226579520697168,0.7269076305220884,0.7142857142857143,0.5374149659863945,0.6484848484848484,0.0,0.0,0.46258503401360546,0.3515151515151515,0.0,0.11106988249845395,0.11106988249845395,0.012621916236374098,0.0586904203083205,0.9413095796916795,0.8649903018284106
0.3936024157777779,0.7854030501089324,0.5708061002178649,0.0,0.42919389978213507,0.7248995983935743,0.7044334975369458,0.5340136054421769,0.6363636363636364,0.0,0.0,0.46598639455782315,0.36363636363636365,0.0,0.1023500309214595,0.10235003092145945,0.020466100856628477,0.056291540674886856,0.9437084593251132,0.8645557547170228
0.39973005583333343,0.7766884531590414,0.5533769063180828,0.0,0.4466230936819172,0.7128514056224899,0.6945812807881774,0.5136054421768708,0.6242424242424243,0.0,0.0,0.48639455782312924,0.37575757575757573,0.0,0.1106369820655535,0.1106369820655535,0.018270124834312562,0.05988602224135489,0.9401139777586451,0.8584012154588433
0.405857695888889,0.7679738562091504,0.5359477124183006,0.0,0.46405228758169936,0.7048192771084337,0.6748768472906403,0.5,0.6,0.0,0.0,0.5,0.4,0.0,0.09999999999999998,0.09999999999999998,0.02994242981779338,0.057485607454448334,0.9425143925455517,0.855244124377351
0.41198533594444453,0.7603485838779956,0.5206971677559913,0.0,0.4793028322440087,0.6947791164658634,0.6650246305418719,0.48299319727891155,0.5878787878787879,0.0,0.0,0.5170068027210885,0.4121212121212121,0.0,0.10488559059987634,0.10488559059987634,0.029754485923991547,0.05988141678093606,0.9401185832190639,0.8502335835485297
0.4181129760000001,0.7527233115468409,0.5054466230936819,0.0,0.49455337690631807,0.6827309236947792,0.6600985221674877,0.4625850340136054,0.5818181818181818,0.0,0.0,0.5374149659863946,0.41818181818181815,0.0,0.11923314780457644,0.11923314780457639,0.022632401527291512,0.06527467428411109,0.934725325715889,0.843724318631365
0.42424061605555563,0.7483660130718954,0.49673202614379086,0.0,0.5032679738562091,0.6767068273092369,0.6551724137931034,0.45238095238095233,0.5757575757575757,0.0,0.0,0.5476190476190477,0.42424242424242425,0.0,0.12337662337662342,0.12337662337662336,0.0215344135161335,0.06707191506734507,0.9329280849326549,0.8406470490022752
0.4303682561111112,0.7418300653594772,0.4836601307189542,0.0,0.5163398692810458,0.6666666666666666,0.6502463054187192,0.435374149659864,0.5696969696969697,0.0,0.0,0.564625850340136,0.4303030303030303,0.0,0.13432282003710572,0.13432282003710572,0.016420361247947435,0.07126650033053972,0.9287334996694603,0.8352817825144687
0.43649589616666673,0.7363834422657952,0.47276688453159044,0.0,0.5272331154684096,0.6606425702811245,0.6403940886699507,0.4251700680272109,0.5575757575757576,0.0,0.0,0.5748299319727891,0.44242424242424244,0.0,0.13240568954854665,0.1324056895485467,0.020248481611173763,0.07126496517706678,0.9287350348229332,0.8325592385443642
0.4426235362222223,0.7287581699346405,0.4575163398692811,0.0,0.5424836601307189,0.6485943775100401,0.6354679802955665,0.40476190476190477,0.5515151515151515,0.0,0.0,0.5952380952380952,0.4484848484848485,0.0,0.14675324675324675,0.14675324675324675,0.013126397214473617,0.07665822268024178,0.9233417773197582,0.8260499736271993
0.44875117627777783,0.7222222222222222,0.4444444444444444,0.0,0.5555555555555556,0.6385542168674698,0.6305418719211823,0.3877551020408163,0.5454545454545454,0.0,0.0,0.6122448979591837,0.45454545454545453,0.0,0.15769944341372916,0.1576994434137291,0.008012344946287553,0.08085280794343645,0.9191471920565636,0.8206847071393929
0.4548788163333334,0.7156862745098039,0.43137254901960786,0.0,0.5686274509803921,0.6325301204819277,0.6157635467980296,0.37755102040816324,0.5272727272727273,0.0,0.0,0.6224489795918368,0.4727272727272727,0.0,0.14972170686456404,0.1497217068645641,0.01676657368389811,0.07905249685325656,0.9209475031467435,0.8183168888282737
0.46100645638888893,0.7080610021786492,0.4161220043572985,0.0,0.5838779956427015,0.6224899598393574,0.6059113300492611,0.3605442176870748,0.5151515151515151,0.0,0.0,0.6394557823129252,0.48484848484848486,0.0,0.15460729746444035,0.15460729746444035,0.016578629790096278,0.08144830617974425,0.9185516938202558,0.8133063479994525
0.4671340964444445,0.7004357298474946,0.40087145969498905,0.0,0.599128540305011,0.6124497991967871,0.5960591133004927,0.34353741496598644,0.503030303030303,0.0,0.0,0.6564625850340136,0.49696969696969695,0.0,0.1594928880643166,0.1594928880643166,0.016390685896294444,0.08384411550623191,0.9161558844937681,0.8082958071706313
0.47326173650000003,0.6917211328976035,0.383442265795207,0.0,0.616557734204793,0.6024096385542169,0.5812807881773399,0.326530612244898,0.48484848484848486,0.0,0.0,0.673469387755102,0.5151515151515151,0.0,0.15831787260358687,0.15831787260358687,0.021128850376877062,0.0844411488960127,0.9155588511039873,0.8036399920007954
0.4793893765555556,0.6840958605664488,0.36819172113289755,0.0,0.6318082788671024,0.5903614457831325,0.5763546798029556,0.30612244897959184,0.47878787878787876,0.0,0.0,0.6938775510204082,0.5212121212121212,0.0,0.17266542980828692,0.17266542980828692,0.014006765980176916,0.08983440639918769,0.9101655936008123,0.7971307270836305
0.48551701661111124,0.6808278867102396,0.3616557734204793,0.0,0.6383442265795207,0.5863453815261044,0.5714285714285714,0.29931972789115646,0.4727272727272728,0.0,0.0,0.7006802721088435,0.5272727272727272,0.0,0.1734075448361163,0.1734075448361163,0.014916810097532984,0.0904329749424414,0.9095670250575586,0.7951974558838991
0.4916446566666668,0.6688453159041394,0.33769063180827885,0.0,0.6623093681917211,0.5783132530120482,0.5369458128078818,0.2857142857142857,0.4303030303030303,0.0,0.0,0.7142857142857143,0.5696969696969697,0.0,0.1445887445887446,0.1445887445887446,0.041367440204166384,0.0826362323454139,0.917363767654586,0.7931045417793627
0.49777229672222234,0.6623093681917211,0.3246187363834423,0.0,0.6753812636165577,0.570281124497992,0.5270935960591133,0.27210884353741494,0.4181818181818182,0.0,0.0,0.7278911564625851,0.5818181818181818,0.0,0.14607297464440328,0.14607297464440328,0.04318752843887863,0.0838333694319213,0.9161666305680787,0.7892379993798999
0.5038999367777779,0.6546840958605664,0.30936819172113295,0.0,0.690631808278867,0.5582329317269076,0.5221674876847291,0.2517006802721088,0.4121212121212121,0.0,0.0,0.7482993197278912,0.5878787878787879,0.0,0.16042053184910332,0.16042053184910332,0.036065444042178485,0.08922662693509628,0.9107733730649037,0.782728734462735
0.5100275768333334,0.6492374727668845,0.2984749455337691,0.0,0.7015250544662309,0.5542168674698795,0.5073891625615764,0.24489795918367352,0.3939393939393939,0.0,0.0,0.7551020408163265,0.6060606060606061,0.0,0.1490414347557204,0.1490414347557204,0.046827704908303125,0.08622764360493598,0.913772356395064,0.7815049145809743
0.516155216888889,0.6437908496732027,0.2875816993464052,0.0,0.7124183006535948,0.5461847389558233,0.5024630541871922,0.23129251700680276,0.38787878787878793,0.0,0.0,0.7687074829931972,0.6121212121212121,0.0,0.15658627087198518,0.15658627087198518,0.04372168476863114,0.08922355662815037,0.9107764433718496,0.7772836465225261
0.5222828569444445,0.6350762527233116,0.27015250544662306,0.0,0.7298474945533769,0.5341365461847389,0.49261083743842365,0.2108843537414966,0.37575757575757573,0.0,0.0,0.7891156462585034,0.6242424242424243,0.0,0.16487322201607912,0.16487322201607912,0.04152570874631528,0.09281803819461838,0.9071819618053816,0.7711291072643466
0.5284104970000001,0.6274509803921569,0.2549019607843137,0.0,0.7450980392156863,0.5261044176706827,0.47783251231527096,0.19727891156462585,0.35757575757575755,0.0,0.0,0.8027210884353742,0.6424242424242425,0.0,0.1602968460111317,0.1602968460111317,0.04827190535541176,0.09221639934441879,0.9077836006555812,0.767617290523869
0.5345381370555556,0.616557734204793,0.23311546840958608,0.0,0.7668845315904139,0.5140562248995983,0.458128078817734,0.1768707482993197,0.33333333333333337,0.0,0.0,0.8231292517006803,0.6666666666666666,0.0,0.15646258503401367,0.15646258503401367,0.05592814608186436,0.09221332903747292,0.9077866709625271,0.76217220258366
0.5406657771111112,0.6089324618736384,0.21786492374727673,0.0,0.7821350762527233,0.5080321285140562,0.43842364532019706,0.16666666666666663,0.3090909090909091,0.0,0.0,0.8333333333333334,0.6909090909090909,0.0,0.14242424242424245,0.14242424242424245,0.06960848319385915,0.08861424201058601,0.911385757989414,0.7601591099315261
0.5467934171666667,0.6002178649237473,0.20043572984749458,0.0,0.7995642701525054,0.4959839357429719,0.42857142857142855,0.1462585034013606,0.296969696969697,0.0,0.0,0.8537414965986394,0.703030303030303,0.0,0.1507111935683364,0.1507111935683364,0.06741250717154335,0.09220872357705404,0.907791276422946,0.7540045706733467
0.5529210572222223,0.5958605664488017,0.1917211328976035,0.0,0.8082788671023965,0.4879518072289157,0.42857142857142855,0.13265306122448983,0.296969696969697,0.0,0.0,0.8673469387755102,0.703030303030303,0.0,0.16431663574520716,0.16431663574520716,0.05938037865748713,0.09700341253697536,0.9029965874630246,0.7494285769559131
0.5590486972777778,0.5871459694989106,0.17429193899782136,0.0,0.8257080610021786,0.4759036144578313,0.4187192118226601,0.11224489795918369,0.2848484848484848,0.0,0.0,0.8877551020408163,0.7151515151515152,0.0,0.1726035868893011,0.1726035868893011,0.057184402635171216,0.10059789410344336,0.8994021058965567,0.7432740376977336
0.5651763373333334,0.5816993464052288,0.1633986928104575,0.0,0.8366013071895425,0.46987951807228917,0.4088669950738916,0.10204081632653061,0.2727272727272727,0.0,0.0,0.8979591836734694,0.7272727272727273,0.0,0.1706864564007421,0.1706864564007421,0.061012522998397545,0.10059635894997043,0.8994036410500296,0.7405514937276292
0.5713039773888889,0.5762527233115469,0.15250544662309373,0.0,0.8474945533769063,0.46586345381526106,0.39408866995073893,0.09523809523809523,0.2545454545454545,0.0,0.0,0.9047619047619048,0.7454545454545455,0.0,0.1593073593073593,0.1593073593073593,0.07177478386452213,0.09759737561981018,0.9024026243801898,0.7393276738458683
0.5774316174444445,0.5708061002178649,0.14161220043572986,0.0,0.8583877995642701,0.4598393574297189,0.3842364532019704,0.08503401360544216,0.24242424242424243,0.0,0.0,0.9149659863945578,0.7575757575757576,0.0,0.15739022881880027,0.15739022881880027,0.07560290422774846,0.09759584046633725,0.9024041595336627,0.7366051298757639
0.5835592575,0.5664488017429193,0.1328976034858388,0.0,0.8671023965141612,0.4538152610441767,0.3793103448275862,0.07482993197278909,0.23636363636363633,0.0,0.0,0.9251700680272109,0.7636363636363637,0.0,0.16153370439084724,0.16153370439084724,0.0745049162165905,0.09939308124957125,0.9006069187504288,0.733527860246674
0.5896868975555556,0.5620915032679739,0.12418300653594772,0.0,0.8758169934640523,0.4457831325301205,0.3793103448275862,0.061224489795918324,0.23636363636363633,0.0,0.0,0.9387755102040817,0.7636363636363637,0.0,0.175139146567718,0.175139146567718,0.06647278770253429,0.10418777020949258,0.8958122297905075,0.7289518665292407
0.5958145376111111,0.5555555555555556,0.11111111111111116,0.0,0.8888888888888888,0.4397590361445783,0.3645320197044335,0.05102040816326525,0.21818181818181814,0.0,0.0,0.9489795918367347,0.7818181818181819,0.0,0.1671614100185529,0.1671614100185529,0.07522701644014479,0.10238745911931264,0.8976125408806873,0.7265840482181214
0.6019421776666668,0.55119825708061,0.10239651416122009,0.0,0.8976034858387799,0.43775100401606426,0.3497536945812808,0.04761904761904767,0.19999999999999996,0.0,0.0,0.9523809523809523,0.8,0.0,0.15238095238095228,0.15238095238095228,0.08799730943478346,0.098189803549172,0.901810196450828,0.726504226765719
0.6080698177222223,0.5446623093681917,0.08932461873638342,0.0,0.9106753812636166,0.43172690763052207,0.33497536945812806,0.0374149659863946,0.18181818181818177,0.0,0.0,0.9625850340136054,0.8181818181818182,0.0,0.14440321583178717,0.14440321583178717,0.09675153817239401,0.09638949245899209,0.9036105075410079,0.7241364084545998
0.6141974577777779,0.5424836601307189,0.08496732026143794,0.0,0.9150326797385621,0.42771084337349397,0.33497536945812806,0.030612244897959218,0.18181818181818177,0.0,0.0,0.9693877551020408,0.8181818181818182,0.0,0.15120593692022255,0.15120593692022255,0.0927354739153659,0.09878683693895275,0.9012131630610473,0.7218484115958831
0.6203250978333334,0.5392156862745098,0.07843137254901966,0.0,0.9215686274509803,0.42771084337349397,0.32019704433497537,0.030612244897959218,0.1636363636363637,0.0,0.0,0.9693877551020408,0.8363636363636363,0.0,0.13302411873840447,0.13302411873840447,0.1075137990385186,0.09339050912883189,0.9066094908711682,0.7229125885728389
0.626452737888889,0.5337690631808278,0.06753812636165579,0.0,0.9324618736383442,0.42369477911646586,0.3054187192118227,0.023809523809523836,0.1454545454545455,0.0,0.0,0.9761904761904762,0.8545454545454545,0.0,0.12164502164502167,0.12164502164502167,0.11827605990464318,0.09039152579867163,0.9096084742013284,0.7216887686910781
0.6325803779444445,0.5305010893246187,0.061002178649237515,0.0,0.9389978213507625,0.41967871485943775,0.30049261083743845,0.017006802721088454,0.1393939393939394,0.0,0.0,0.9829931972789115,0.8606060606060606,0.0,0.12238713667285095,0.12238713667285095,0.1191861040219993,0.0909900943419253,0.9090099056580747,0.7197554974913467
0.6387080180000001,0.528322440087146,0.05664488017429192,0.0,0.9433551198257081,0.41967871485943775,0.29064039408866993,0.017006802721088454,0.12727272727272732,0.0,0.0,0.9829931972789115,0.8727272727272727,0.0,0.11026592455163886,0.11026592455163886,0.12903832077076782,0.08739254246851139,0.9126074575314886,0.7204649488093173
0.6448356580555556,0.5261437908496732,0.05228758169934644,0.0,0.9477124183006536,0.41967871485943775,0.28078817733990147,0.017006802721088454,0.11515151515151512,0.0,0.0,0.9829931972789115,0.8848484848484849,0.0,0.09814471243042666,0.09814471243042666,0.13889053751953628,0.0837949905950974,0.9162050094049026,0.721174400127288
0.6509632981111112,0.5239651416122004,0.04793028322440085,0.0,0.9520697167755992,0.41767068273092367,0.27586206896551724,0.013605442176870763,0.10909090909090913,0.0,0.0,0.9863945578231292,0.8909090909090909,0.0,0.09548546691403836,0.09548546691403836,0.14180861376540643,0.08319488689837079,0.9168051131016293,0.7203851273569148
0.6570909381666667,0.5196078431372549,0.039215686274509776,0.0,0.9607843137254902,0.41566265060240964,0.26108374384236455,0.010204081632653073,0.09090909090909094,0.0,0.0,0.9897959183673469,0.9090909090909091,0.0,0.08070500927643787,0.08070500927643787,0.1545789067600451,0.07899723132823021,0.9210027686717698,0.7203053059045124
0.6632185782222223,0.5185185185185185,0.03703703703703709,0.0,0.9629629629629629,0.41566265060240964,0.2561576354679803,0.010204081632653073,0.08484848484848484,0.0,0.0,0.9897959183673469,0.9151515151515152,0.0,0.07464440321583177,0.07464440321583177,0.15950501513442933,0.07719845539152322,0.9228015446084767,0.7206600315634977
0.6693462182777778,0.5174291938997821,0.034858387799564294,0.0,0.9651416122004357,0.41566265060240964,0.2512315270935961,0.010204081632653073,0.07878787878787874,0.0,0.0,0.9897959183673469,0.9212121212121213,0.0,0.06858379715522567,0.06858379715522567,0.16443112350881356,0.07539967945481622,0.9246003205451838,0.721014757222483
0.6754738583333334,0.5174291938997821,0.034858387799564294,0.0,0.9651416122004357,0.41566265060240964,0.2512315270935961,0.010204081632653073,0.07878787878787874,0.0,0.0,0.9897959183673469,0.9212121212121213,0.0,0.06858379715522567,0.06858379715522567,0.16443112350881356,0.07539967945481622,0.9246003205451838,0.721014757222483
0.681601498388889,0.5152505446623094,0.030501089324618702,0.0,0.9694989106753813,0.41365461847389556,0.24630541871921183,0.006802721088435382,0.07272727272727275,0.0,0.0,0.9931972789115646,0.9272727272727272,0.0,0.06592455163883737,0.06592455163883737,0.16734919975468374,0.07479957575808963,0.9252004242419104,0.7202254844521099
0.6877291384444445,0.514161220043573,0.028322440087146017,0.0,0.971677559912854,0.41365461847389556,0.2413793103448276,0.006802721088435382,0.06666666666666665,0.0,0.0,0.9931972789115646,0.9333333333333333,0.0,0.05986394557823127,0.05986394557823127,0.17227530812906797,0.07300079982138263,0.9269992001786174,0.7205802101110952
0.6938567785,0.5119825708061002,0.023965141612200425,0.0,0.9760348583877996,0.41365461847389556,0.2315270935960591,0.006802721088435382,0.054545454545454564,0.0,0.0,0.9931972789115646,0.9454545454545454,0.0,0.04774273345701918,0.04774273345701918,0.18212752487783646,0.0694032479479687,0.9305967520520313,0.7212896614290658
0.6999844185555556,0.5119825708061002,0.023965141612200425,0.0,0.9760348583877996,0.41365461847389556,0.2315270935960591,0.006802721088435382,0.054545454545454564,0.0,0.0,0.9931972789115646,0.9454545454545454,0.0,0.04774273345701918,0.04774273345701918,0.18212752487783646,0.0694032479479687,0.9305967520520313,0.7212896614290658
0.7061120586111111,0.5098039215686274,0.019607843137254943,0.0,0.9803921568627451,0.41164658634538154,0.22660098522167488,0.003401360544217691,0.048484848484848464,0.0,0.0,0.9965986394557823,0.9515151515151515,0.0,0.04508348794063077,0.04508348794063077,0.18504560112370666,0.06880314425124205,0.931196855748758,0.7205003886586927
0.7122396986666668,0.5076252723311547,0.015250544662309351,0.0,0.9847494553376906,0.40963855421686746,0.22167487684729065,0.0,0.042424242424242475,0.0,0.0,1.0,0.9575757575757575,0.0,0.042424242424242475,0.042424242424242475,0.1879636773695768,0.06820304055451544,0.9317969594454846,0.7197111158883196
0.7183673387222224,0.5065359477124183,0.013071895424836555,0.0,0.9869281045751634,0.40963855421686746,0.21674876847290642,0.0,0.036363636363636376,0.0,0.0,1.0,0.9636363636363636,0.0,0.036363636363636376,0.036363636363636376,0.19288978574396104,0.06640426461780845,0.9335957353821915,0.7200658415473049
0.7244949787777779,0.5065359477124183,0.013071895424836555,0.0,0.9869281045751634,0.40963855421686746,0.21674876847290642,0.0,0.036363636363636376,0.0,0.0,1.0,0.9636363636363636,0.0,0.036363636363636376,0.036363636363636376,0.19288978574396104,0.06640426461780845,0.9335957353821915,0.7200658415473049
0.7306226188333335,0.5054466230936819,0.01089324618736387,0.0,0.9891067538126361,0.40963855421686746,0.21182266009852216,0.0,0.030303030303030276,0.0,0.0,1.0,0.9696969696969697,0.0,0.030303030303030276,0.030303030303030276,0.1978158941183453,0.06460548868110147,0.9353945113188985,0.7204205672062902
0.736750258888889,0.5043572984749455,0.008714596949891074,0.0,0.9912854030501089,0.40963855421686746,0.20689655172413793,0.0,0.024242424242424288,0.0,0.0,1.0,0.9757575757575757,0.0,0.024242424242424288,0.024242424242424288,0.20274200249272953,0.06280671274439453,0.9371932872556055,0.7207752928652755
0.7428778989444446,0.5043572984749455,0.008714596949891074,0.0,0.9912854030501089,0.40963855421686746,0.20689655172413793,0.0,0.024242424242424288,0.0,0.0,1.0,0.9757575757575757,0.0,0.024242424242424288,0.024242424242424288,0.20274200249272953,0.06280671274439453,0.9371932872556055,0.7207752928652755
0.7490055390000001,0.5043572984749455,0.008714596949891074,0.0,0.9912854030501089,0.40963855421686746,0.20689655172413793,0.0,0.024242424242424288,0.0,0.0,1.0,0.9757575757575757,0.0,0.024242424242424288,0.024242424242424288,0.20274200249272953,0.06280671274439453,0.9371932872556055,0.7207752928652755
0.7551331790555557,0.5021786492374728,0.004357298474945481,0.0,0.9956427015250545,0.40963855421686746,0.19704433497536947,0.0,0.012121212121212088,0.0,0.0,1.0,0.9878787878787879,0.0,0.012121212121212088,0.012121212121212088,0.212594219241498,0.05920916087098054,0.9407908391290195,0.7214847441832462
0.7612608191111111,0.5021786492374728,0.004357298474945481,0.0,0.9956427015250545,0.40963855421686746,0.19704433497536947,0.0,0.012121212121212088,0.0,0.0,1.0,0.9878787878787879,0.0,0.012121212121212088,0.012121212121212088,0.212594219241498,0.05920916087098054,0.9407908391290195,0.7214847441832462
0.7673884591666668,0.5021786492374728,0.004357298474945481,0.0,0.9956427015250545,0.40963855421686746,0.19704433497536947,0.0,0.012121212121212088,0.0,0.0,1.0,0.9878787878787879,0.0,0.012121212121212088,0.012121212121212088,0.212594219241498,0.05920916087098054,0.9407908391290195,0.7214847441832462
0.7735160992222224,0.5021786492374728,0.004357298474945481,0.0,0.9956427015250545,0.40963855421686746,0.19704433497536947,0.0,0.012121212121212088,0.0,0.0,1.0,0.9878787878787879,0.0,0.012121212121212088,0.012121212121212088,0.212594219241498,0.05920916087098054,0.9407908391290195,0.7214847441832462
0.7796437392777779,0.5021786492374728,0.004357298474945481,0.0,0.9956427015250545,0.40963855421686746,0.19704433497536947,0.0,0.012121212121212088,0.0,0.0,1.0,0.9878787878787879,0.0,0.012121212121212088,0.012121212121212088,0.212594219241498,0.05920916087098054,0.9407908391290195,0.7214847441832462
0.7857713793333335,0.5021786492374728,0.004357298474945481,0.0,0.9956427015250545,0.40963855421686746,0.19704433497536947,0.0,0.012121212121212088,0.0,0.0,1.0,0.9878787878787879,0.0,0.012121212121212088,0.012121212121212088,0.212594219241498,0.05920916087098054,0.9407908391290195,0.7214847441832462
0.791899019388889,0.5021786492374728,0.004357298474945481,0.0,0.9956427015250545,0.40963855421686746,0.19704433497536947,0.0,0.012121212121212088,0.0,0.0,1.0,0.9878787878787879,0.0,0.012121212121212088,0.012121212121212088,0.212594219241498,0.05920916087098054,0.9407908391290195,0.7214847441832462
0.7980266594444446,0.5021786492374728,0.004357298474945481,0.0,0.9956427015250545,0.40963855421686746,0.19704433497536947,0.0,0.012121212121212088,0.0,0.0,1.0,0.9878787878787879,0.0,0.012121212121212088,0.012121212121212088,0.212594219241498,0.05920916087098054,0.9407908391290195,0.7214847441832462
0.8041542995000001,0.5010893246187363,0.002178649237472796,0.0,0.9978213507625272,0.40963855421686746,0.1921182266009852,0.0,0.0060606060606061,0.0,0.0,1.0,0.9939393939393939,0.0,0.0060606060606061,0.0060606060606061,0.21752032761588225,0.05741038493427361,0.9425896150657264,0.7218394698422314
0.8102819395555557,0.5010893246187363,0.002178649237472796,0.0,0.9978213507625272,0.40963855421686746,0.1921182266009852,0.0,0.0060606060606061,0.0,0.0,1.0,0.9939393939393939,0.0,0.0060606060606061,0.0060606060606061,0.21752032761588225,0.05741038493427361,0.9425896150657264,0.7218394698422314
0.8164095796111112,0.5010893246187363,0.002178649237472796,0.0,0.9978213507625272,0.40963855421686746,0.1921182266009852,0.0,0.0060606060606061,0.0,0.0,1.0,0.9939393939393939,0.0,0.0060606060606061,0.0060606060606061,0.21752032761588225,0.05741038493427361,0.9425896150657264,0.7218394698422314
0.8225372196666668,0.5010893246187363,0.002178649237472796,0.0,0.9978213507625272,0.40963855421686746,0.1921182266009852,0.0,0.0060606060606061,0.0,0.0,1.0,0.9939393939393939,0.0,0.0060606060606061,0.0060606060606061,0.21752032761588225,0.05741038493427361,0.9425896150657264,0.7218394698422314
0.8286648597222223,0.5010893246187363,0.002178649237472796,0.0,0.9978213507625272,0.40963855421686746,0.1921182266009852,0.0,0.0060606060606061,0.0,0.0,1.0,0.9939393939393939,0.0,0.0060606060606061,0.0060606060606061,0.21752032761588225,0.05741038493427361,0.9425896150657264,0.7218394698422314
0.8347924997777779,0.5010893246187363,0.002178649237472796,0.0,0.9978213507625272,0.40963855421686746,0.1921182266009852,0.0,0.0060606060606061,0.0,0.0,1.0,0.9939393939393939,0.0,0.0060606060606061,0.0060606060606061,0.21752032761588225,0.05741038493427361,0.9425896150657264,0.7218394698422314
0.8409201398333334,0.5010893246187363,0.002178649237472796,0.0,0.9978213507625272,0.40963855421686746,0.1921182266009852,0.0,0.0060606060606061,0.0,0.0,1.0,0.9939393939393939,0.0,0.0060606060606061,0.0060606060606061,0.21752032761588225,0.05741038493427361,0.9425896150657264,0.7218394698422314
0.847047779888889,0.5010893246187363,0.002178649237472796,0.0,0.9978213507625272,0.40963855421686746,0.1921182266009852,0.0,0.0060606060606061,0.0,0.0,1.0,0.9939393939393939,0.0,0.0060606060606061,0.0060606060606061,0.21752032761588225,0.05741038493427361,0.9425896150657264,0.7218394698422314
0.8531754199444445,0.5010893246187363,0.002178649237472796,0.0,0.9978213507625272,0.40963855421686746,0.1921182266009852,0.0,0.0060606060606061,0.0,0.0,1.0,0.9939393939393939,0.0,0.0060606060606061,0.0060606060606061,0.21752032761588225,0.05741038493427361,0.9425896150657264,0.7218394698422314
0.85930306,0.5010893246187363,0.002178649237472796,0.0,0.9978213507625272,0.40963855421686746,0.1921182266009852,0.0,0.0060606060606061,0.0,0.0,1.0,0.9939393939393939,0.0,0.0060606060606061,0.0060606060606061,0.21752032761588225,0.05741038493427361,0.9425896150657264,0.7218394698422314
