threshold,female_fmr,male_fmr,female_fnmr,male_fnmr,female_tar,male_tar,female_accuracy,male_accuracy,fmr_disparity,fnmr_disparity,tar_disparity,accuracy_disparity
0.05,0.4166666666666667,0.42105263157894735,0.05102040816326525,0.07272727272727275,0.9489795918367347,0.9272727272727272,0.7991967871485943,0.8620689655172413,0.00438596491228066,0.0217068645640075,0.0217068645640075,0.062872178368647
0.060000000000000005,0.38235294117647056,0.39473684210526316,0.05442176870748294,0.07878787878787874,0.9455782312925171,0.9212121212121213,0.8112449799196787,0.8620689655172413,0.012383900928792602,0.024366110080395798,0.024366110080395798,0.050823985597562626
0.07,0.3333333333333333,0.3684210526315789,0.05782312925170063,0.07878787878787874,0.9421768707482994,0.9212121212121213,0.8293172690763052,0.8669950738916257,0.03508771929824561,0.020964749536178107,0.020964749536178107,0.03767780481532046
0.08000000000000002,0.28921568627450983,0.34210526315789475,0.0680272108843537,0.07878787878787874,0.9319727891156463,0.9212121212121213,0.8413654618473896,0.8719211822660099,0.052889576883384914,0.010760667903525034,0.010760667903525034,0.030555720418620314
0.09000000000000001,0.25980392156862747,0.2894736842105263,0.0714285714285714,0.08484848484848484,0.9285714285714286,0.9151515151515152,0.8514056224899599,0.8768472906403941,0.029669762641898856,0.013419913419913443,0.013419913419913443,0.02544166815043425
0.1,0.23529411764705882,0.2631578947368421,0.0714285714285714,0.10303030303030303,0.9285714285714286,0.896969696969697,0.8614457831325302,0.8669950738916257,0.02786377708978327,0.03160173160173163,0.03160173160173163,0.005549290759095493
0.11000000000000001,0.22549019607843138,0.2631578947368421,0.07823129251700678,0.10303030303030303,0.9217687074829932,0.896969696969697,0.8614457831325302,0.8669950738916257,0.037667698658410714,0.02479901051329625,0.02479901051329625,0.005549290759095493
0.12000000000000001,0.20098039215686275,0.23684210526315788,0.09183673469387754,0.10909090909090913,0.9081632653061225,0.8909090909090909,0.8634538152610441,0.8669950738916257,0.03586171310629513,0.017254174397031585,0.017254174397031585,0.003541258630581523
0.13,0.18137254901960784,0.21052631578947367,0.10204081632653061,0.12121212121212122,0.8979591836734694,0.8787878787878788,0.8654618473895582,0.8620689655172413,0.029153766769865835,0.0191713048855906,0.0191713048855906,0.0033928818723168996
0.14,0.1568627450980392,0.15789473684210525,0.11224489795918369,0.12121212121212122,0.8877551020408163,0.8787878787878788,0.8694779116465864,0.8719211822660099,0.0010319917440660409,0.008967223252937528,0.008967223252937528,0.00244327061942351
0.15000000000000002,0.1323529411764706,0.13157894736842105,0.12585034013605445,0.12121212121212122,0.8741496598639455,0.8787878787878788,0.8714859437751004,0.8768472906403941,0.0007739938080495445,0.004638218923933235,0.004638218923933235,0.00536134686529377
0.16000000000000003,0.12254901960784313,0.13157894736842105,0.13605442176870752,0.1333333333333333,0.8639455782312925,0.8666666666666667,0.8694779116465864,0.8669950738916257,0.009029927760577913,0.0027210884353742193,0.0027210884353742193,0.0024828377549607206
0.17000000000000004,0.09803921568627451,0.13157894736842105,0.1394557823129252,0.1393939393939394,0.8605442176870748,0.8606060606060606,0.8775100401606426,0.8620689655172413,0.03353973168214654,6.184291898581051e-05,6.184291898581051e-05,0.015441074643401276
0.18000000000000005,0.09313725490196079,0.13157894736842105,0.15306122448979587,0.1515151515151515,0.8469387755102041,0.8484848484848485,0.8714859437751004,0.8522167487684729,0.03844169246646026,0.0015460729746443747,0.0015460729746443747,0.019269195006627493
0.19,0.0784313725490196,0.10526315789473684,0.17006802721088432,0.1575757575757576,0.8299319727891157,0.8424242424242424,0.8674698795180723,0.8522167487684729,0.02683178534571723,0.01249226963512673,0.01249226963512673,0.015253130749599442
0.2,0.06862745098039216,0.02631578947368421,0.18367346938775508,0.17575757575757578,0.8163265306122449,0.8242424242424242,0.8634538152610441,0.8522167487684729,0.042311661506707954,0.007915893630179305,0.007915893630179305,0.01123706649257128
0.21000000000000002,0.049019607843137254,0.02631578947368421,0.18367346938775508,0.17575757575757578,0.8163265306122449,0.8242424242424242,0.8714859437751004,0.8522167487684729,0.022703818369453045,0.007915893630179305,0.007915893630179305,0.019269195006627493
0.22000000000000003,0.049019607843137254,0.02631578947368421,0.19727891156462585,0.19393939393939397,0.8027210884353742,0.806060606060606,0.8634538152610441,0.8374384236453202,0.022703818369453045,0.0033395176252318803,0.0033395176252318803,0.02601539161572397
0.23000000000000004,0.0392156862745098,0.02631578947368421,0.20748299319727892,0.21212121212121215,0.7925170068027211,0.7878787878787878,0.8614457831325302,0.8226600985221675,0.012899896800825594,0.004638218923933235,0.004638218923933235,0.03878568461036269
0.24000000000000005,0.0392156862745098,0.02631578947368421,0.217687074829932,0.21818181818181814,0.782312925170068,0.7818181818181819,0.8554216867469879,0.8177339901477833,0.012899896800825594,0.000494743351886151,0.000494743351886151,0.03768769659920468
0.25000000000000006,0.029411764705882353,0.02631578947368421,0.23469387755102045,0.22424242424242424,0.7653061224489796,0.7757575757575758,0.8493975903614458,0.812807881773399,0.0030959752321981435,0.010451453308596204,0.010451453308596204,0.036589708588046777
0.26000000000000006,0.024509803921568627,0.02631578947368421,0.2551020408163265,0.23636363636363633,0.7448979591836735,0.7636363636363637,0.8393574297188755,0.8029556650246306,0.001805985552115582,0.01873840445269015,0.01873840445269015,0.03640176469424494
0.27,0.024509803921568627,0.02631578947368421,0.2551020408163265,0.24848484848484853,0.7448979591836735,0.7515151515151515,0.8393574297188755,0.7931034482758621,0.001805985552115582,0.00661719233147795,0.00661719233147795,0.0462539814430134
0.28,0.024509803921568627,0.02631578947368421,0.26190476190476186,0.2545454545454545,0.7380952380952381,0.7454545454545455,0.8353413654618473,0.7881773399014779,0.001805985552115582,0.007359307359307343,0.007359307359307343,0.04716402556036947
0.29000000000000004,0.024509803921568627,0.02631578947368421,0.26530612244897955,0.2606060606060606,0.7346938775510204,0.7393939393939394,0.8333333333333334,0.7832512315270936,0.001805985552115582,0.0047000618429189345,0.0047000618429189345,0.05008210180623973
0.30000000000000004,0.024509803921568627,0.02631578947368421,0.282312925170068,0.2666666666666667,0.717687074829932,0.7333333333333333,0.8232931726907631,0.7783251231527094,0.001805985552115582,0.01564625850340129,0.01564625850340129,0.04496804953805367
0.31000000000000005,0.024509803921568627,0.02631578947368421,0.2891156462585034,0.2727272727272727,0.7108843537414966,0.7272727272727273,0.8192771084337349,0.7733990147783252,0.001805985552115582,0.016388373531230682,0.016388373531230682,0.045878093655409735
0.32000000000000006,0.024509803921568627,0.0,0.30272108843537415,0.2727272727272727,0.6972789115646258,0.7272727272727273,0.8112449799196787,0.7783251231527094,0.024509803921568627,0.029993815708101446,0.029993815708101446,0.03291985676696929
0.33,0.0196078431372549,0.0,0.326530612244898,0.2787878787878788,0.673469387755102,0.7212121212121212,0.7991967871485943,0.7733990147783252,0.0196078431372549,0.04774273345701918,0.04774273345701918,0.025797772370269145
0.34,0.00980392156862745,0.0,0.3537414965986394,0.2848484848484848,0.6462585034013606,0.7151515151515152,0.7871485943775101,0.7684729064039408,0.00980392156862745,0.06889301175015461,0.06889301175015461,0.01867568797356922
0.35000000000000003,0.00980392156862745,0.0,0.3639455782312925,0.3090909090909091,0.6360544217687075,0.6909090909090909,0.7811244979919679,0.7487684729064039,0.00980392156862745,0.054854669140383394,0.054854669140383394,0.03235602508556401
0.36000000000000004,0.004901960784313725,0.0,0.3877551020408163,0.3151515151515152,0.6122448979591837,0.6848484848484848,0.7690763052208835,0.7438423645320197,0.004901960784313725,0.07260358688930113,0.07260358688930113,0.025233940688863865
0.37000000000000005,0.0,0.0,0.40476190476190477,0.32727272727272727,0.5952380952380952,0.6727272727272727,0.7610441767068273,0.7339901477832512,0.0,0.0774891774891775,0.0774891774891775,0.027054028923576112
0.38000000000000006,0.0,0.0,0.4387755102040817,0.35151515151515156,0.5612244897959183,0.6484848484848484,0.7409638554216867,0.7142857142857143,0.0,0.08726035868893012,0.08726035868893012,0.026678141135972444
0.39000000000000007,0.0,0.0,0.4659863945578231,0.35757575757575755,0.5340136054421769,0.6424242424242425,0.7248995983935743,0.7093596059113301,0.0,0.10841063698206554,0.10841063698206554,0.015539992482244247
0.4000000000000001,0.0,0.0,0.48639455782312924,0.38181818181818183,0.5136054421768708,0.6181818181818182,0.7128514056224899,0.6896551724137931,0.0,0.1045763760049474,0.1045763760049474,0.023196233208696793
0.4100000000000001,0.0,0.0,0.5136054421768708,0.4121212121212121,0.48639455782312924,0.5878787878787879,0.6967871485943775,0.6650246305418719,0.0,0.10148423005565865,0.10148423005565865,0.03176251805250563
0.42000000000000004,0.0,0.0,0.5442176870748299,0.4181818181818182,0.4557823129251701,0.5818181818181818,0.678714859437751,0.6600985221674877,0.0,0.12603586889301166,0.12603586889301172,0.01861633727026335
0.43000000000000005,0.0,0.0,0.564625850340136,0.4303030303030303,0.43537414965986393,0.5696969696969697,0.6666666666666666,0.6502463054187192,0.0,0.13432282003710572,0.13432282003710577,0.016420361247947435
0.44000000000000006,0.0,0.0,0.5850340136054422,0.4484848484848485,0.41496598639455784,0.5515151515151515,0.6546184738955824,0.6354679802955665,0.0,0.13654916512059367,0.13654916512059367,0.01915049360001586
0.45000000000000007,0.0,0.0,0.6122448979591837,0.4545454545454546,0.3877551020408163,0.5454545454545454,0.6385542168674698,0.6305418719211823,0.0,0.1576994434137291,0.1576994434137291,0.008012344946287553
0.4600000000000001,0.0,0.0,0.6360544217687074,0.48484848484848486,0.36394557823129253,0.5151515151515151,0.6244979919678715,0.6059113300492611,0.0,0.15120593692022255,0.1512059369202226,0.01858666191861036
0.4700000000000001,0.0,0.0,0.6666666666666667,0.509090909090909,0.3333333333333333,0.4909090909090909,0.606425702811245,0.5862068965517241,0.0,0.1575757575757577,0.1575757575757576,0.020218806259520883
0.4800000000000001,0.0,0.0,0.6972789115646258,0.5212121212121212,0.30272108843537415,0.47878787878787876,0.5883534136546185,0.5763546798029556,0.0,0.1760667903525046,0.1760667903525046,0.011998733851662835
0.49000000000000005,0.0,0.0,0.7142857142857143,0.5454545454545454,0.2857142857142857,0.45454545454545453,0.5783132530120482,0.5566502463054187,0.0,0.1688311688311689,0.16883116883116883,0.021663006706629462
0.5000000000000001,0.0,0.0,0.7414965986394557,0.5818181818181818,0.2585034013605442,0.41818181818181815,0.5622489959839357,0.5270935960591133,0.0,0.15967841682127393,0.15967841682127393,0.03515539992482242
0.5100000000000001,0.0,0.0,0.7551020408163265,0.6060606060606061,0.24489795918367346,0.3939393939393939,0.5542168674698795,0.5073891625615764,0.0,0.1490414347557204,0.14904143475572046,0.046827704908303125
0.5200000000000001,0.0,0.0,0.7857142857142857,0.6242424242424243,0.21428571428571427,0.37575757575757573,0.536144578313253,0.49261083743842365,0.0,0.16147186147186143,0.16147186147186146,0.04353374087482936
0.5300000000000001,0.0,0.0,0.8061224489795918,0.6424242424242423,0.19387755102040816,0.3575757575757576,0.5240963855421686,0.47783251231527096,0.0,0.1636982065553495,0.16369820655534945,0.04626387322689768
0.5400000000000001,0.0,0.0,0.826530612244898,0.6848484848484848,0.17346938775510204,0.3151515151515151,0.5120481927710844,0.4433497536945813,0.0,0.14168212739641317,0.1416821273964131,0.06869843907650308
0.5500000000000002,0.0,0.0,0.8673469387755102,0.703030303030303,0.1326530612244898,0.296969696969697,0.4879518072289157,0.42857142857142855,0.0,0.16431663574520716,0.1643166357452072,0.05938037865748713
0.5600000000000002,0.0,0.0,0.891156462585034,0.7272727272727273,0.10884353741496598,0.2727272727272727,0.4738955823293173,0.4088669950738916,0.0,0.1638837353123067,0.1638837353123067,0.06502858725542565
0.5700000000000002,0.0,0.0,0.9047619047619048,0.7272727272727273,0.09523809523809523,0.2727272727272727,0.46586345381526106,0.4088669950738916,0.0,0.17748917748917747,0.17748917748917747,0.05699645874136944
0.5800000000000002,0.0,0.0,0.9251700680272109,0.7575757575757576,0.07482993197278912,0.24242424242424243,0.4538152610441767,0.3842364532019704,0.0,0.16759431045145334,0.16759431045145332,0.06957880784220627
0.5900000000000002,0.0,0.0,0.9387755102040817,0.7636363636363637,0.061224489795918366,0.23636363636363636,0.4457831325301205,0.3793103448275862,0.0,0.175139146567718,0.175139146567718,0.06647278770253429
0.6000000000000002,0.0,0.0,0.9523809523809523,0.8,0.047619047619047616,0.2,0.43775100401606426,0.3497536945812808,0.0,0.15238095238095228,0.1523809523809524,0.08799730943478346
0.6100000000000001,0.0,0.0,0.9659863945578231,0.8181818181818181,0.034013605442176874,0.18181818181818182,0.42971887550200805,0.33497536945812806,0.0,0.14780457637600497,0.14780457637600494,0.09474350604387999
0.6200000000000001,0.0,0.0,0.9693877551020408,0.8363636363636364,0.030612244897959183,0.16363636363636364,0.42771084337349397,0.32019704433497537,0.0,0.13302411873840436,0.13302411873840445,0.1075137990385186
0.6300000000000001,0.0,0.0,0.9829931972789115,0.8545454545454545,0.017006802721088437,0.14545454545454545,0.41967871485943775,0.3054187192118227,0.0,0.12844774273345705,0.12844774273345702,0.11425999564761508
0.6400000000000001,0.0,0.0,0.9829931972789115,0.8787878787878788,0.017006802721088437,0.12121212121212122,0.41967871485943775,0.2857142857142857,0.0,0.10420531849103276,0.10420531849103278,0.13396442914515205
0.6500000000000001,0.0,0.0,0.9863945578231292,0.8909090909090909,0.013605442176870748,0.10909090909090909,0.41767068273092367,0.27586206896551724,0.0,0.09548546691403836,0.09548546691403834,0.14180861376540643
0.6600000000000001,0.0,0.0,0.9897959183673469,0.9090909090909091,0.01020408163265306,0.09090909090909091,0.41566265060240964,0.26108374384236455,0.0,0.08070500927643787,0.08070500927643785,0.1545789067600451
0.6700000000000002,0.0,0.0,0.9897959183673469,0.9212121212121213,0.01020408163265306,0.07878787878787878,0.41566265060240964,0.2512315270935961,0.0,0.06858379715522567,0.06858379715522572,0.16443112350881356
0.6800000000000002,0.0,0.0,0.9931972789115646,0.9212121212121213,0.006802721088435374,0.07878787878787878,0.41365461847389556,0.2512315270935961,0.0,0.07198515769944336,0.07198515769944341,0.16242309138029948
0.6900000000000002,0.0,0.0,0.9931972789115646,0.9393939393939394,0.006802721088435374,0.06060606060606061,0.41365461847389556,0.23645320197044334,0.0,0.05380333951762517,0.05380333951762523,0.17720141650345222
0.7000000000000002,0.0,0.0,0.9931972789115646,0.9454545454545454,0.006802721088435374,0.05454545454545454,0.41365461847389556,0.2315270935960591,0.0,0.04774273345701918,0.04774273345701917,0.18212752487783646
0.7100000000000002,0.0,0.0,0.9965986394557823,0.9575757575757575,0.003401360544217687,0.04242424242424243,0.41164658634538154,0.22167487684729065,0.0,0.039022881880024785,0.03902288188002474,0.1899717094980909
0.7200000000000002,0.0,0.0,1.0,0.9636363636363636,0.0,0.03636363636363636,0.40963855421686746,0.21674876847290642,0.0,0.036363636363636376,0.03636363636363636,0.19288978574396104
0.7300000000000002,0.0,0.0,1.0,0.9696969696969697,0.0,0.030303030303030304,0.40963855421686746,0.21182266009852216,0.0,0.030303030303030276,0.030303030303030304,0.1978158941183453
0.7400000000000002,0.0,0.0,1.0,0.9757575757575757,0.0,0.024242424242424242,0.40963855421686746,0.20689655172413793,0.0,0.024242424242424288,0.024242424242424242,0.20274200249272953
0.7500000000000002,0.0,0.0,1.0,0.9757575757575757,0.0,0.024242424242424242,0.40963855421686746,0.20689655172413793,0.0,0.024242424242424288,0.024242424242424242,0.20274200249272953
0.7600000000000002,0.0,0.0,1.0,0.9878787878787879,0.0,0.012121212121212121,0.40963855421686746,0.19704433497536947,0.0,0.012121212121212088,0.012121212121212121,0.212594219241498
0.7700000000000002,0.0,0.0,1.0,0.9878787878787879,0.0,0.012121212121212121,0.40963855421686746,0.19704433497536947,0.0,0.012121212121212088,0.012121212121212121,0.212594219241498
0.7800000000000001,0.0,0.0,1.0,0.9878787878787879,0.0,0.012121212121212121,0.40963855421686746,0.19704433497536947,0.0,0.012121212121212088,0.012121212121212121,0.212594219241498
0.7900000000000001,0.0,0.0,1.0,0.9878787878787879,0.0,0.012121212121212121,0.40963855421686746,0.19704433497536947,0.0,0.012121212121212088,0.012121212121212121,0.212594219241498
0.8000000000000002,0.0,0.0,1.0,0.9939393939393939,0.0,0.006060606060606061,0.40963855421686746,0.1921182266009852,0.0,0.0060606060606061,0.006060606060606061,0.21752032761588225
0.8100000000000002,0.0,0.0,1.0,0.9939393939393939,0.0,0.006060606060606061,0.40963855421686746,0.1921182266009852,0.0,0.0060606060606061,0.006060606060606061,0.21752032761588225
0.8200000000000002,0.0,0.0,1.0,0.9939393939393939,0.0,0.006060606060606061,0.40963855421686746,0.1921182266009852,0.0,0.0060606060606061,0.006060606060606061,0.21752032761588225
0.8300000000000002,0.0,0.0,1.0,0.9939393939393939,0.0,0.006060606060606061,0.40963855421686746,0.1921182266009852,0.0,0.0060606060606061,0.006060606060606061,0.21752032761588225
0.8400000000000002,0.0,0.0,1.0,0.9939393939393939,0.0,0.006060606060606061,0.40963855421686746,0.1921182266009852,0.0,0.0060606060606061,0.006060606060606061,0.21752032761588225
0.8500000000000002,0.0,0.0,1.0,0.9939393939393939,0.0,0.006060606060606061,0.40963855421686746,0.1921182266009852,0.0,0.0060606060606061,0.006060606060606061,0.21752032761588225
0.8600000000000002,0.0,0.0,1.0,1.0,0.0,0.0,0.40963855421686746,0.18719211822660098,0.0,0.0,0.0,0.22244643599026648
0.8700000000000002,0.0,0.0,1.0,1.0,0.0,0.0,0.40963855421686746,0.18719211822660098,0.0,0.0,0.0,0.22244643599026648
0.8800000000000002,0.0,0.0,1.0,1.0,0.0,0.0,0.40963855421686746,0.18719211822660098,0.0,0.0,0.0,0.22244643599026648
0.8900000000000002,0.0,0.0,1.0,1.0,0.0,0.0,0.40963855421686746,0.18719211822660098,0.0,0.0,0.0,0.22244643599026648
0.9000000000000002,0.0,0.0,1.0,1.0,0.0,0.0,0.40963855421686746,0.18719211822660098,0.0,0.0,0.0,0.22244643599026648
0.9100000000000003,0.0,0.0,1.0,1.0,0.0,0.0,0.40963855421686746,0.18719211822660098,0.0,0.0,0.0,0.22244643599026648
0.9200000000000003,0.0,0.0,1.0,1.0,0.0,0.0,0.40963855421686746,0.18719211822660098,0.0,0.0,0.0,0.22244643599026648
0.9300000000000002,0.0,0.0,1.0,1.0,0.0,0.0,0.40963855421686746,0.18719211822660098,0.0,0.0,0.0,0.22244643599026648
0.9400000000000002,0.0,0.0,1.0,1.0,0.0,0.0,0.40963855421686746,0.18719211822660098,0.0,0.0,0.0,0.22244643599026648
0.9500000000000002,0.0,0.0,1.0,1.0,0.0,0.0,0.40963855421686746,0.18719211822660098,0.0,0.0,0.0,0.22244643599026648
