split,threshold,far,frr
train,inf,0.0,1.0
train,0.91031677,0.0,0.9995331465919701
train,0.4391135,0.0,0.7810457516339869
train,0.43876293,0.00046685340802987864,0.7810457516339869
train,0.40774783,0.00046685340802987864,0.715219421101774
train,0.40750197,0.0009337068160597573,0.715219421101774
train,0.40222272,0.0009337068160597573,0.703548085901027
train,0.4021252,0.0018674136321195146,0.703548085901027
train,0.37881616,0.0018674136321195146,0.6503267973856209
train,0.37870532,0.002334267040149393,0.6503267973856209
train,0.3182151,0.002334267040149393,0.5312791783380019
train,0.31820533,0.0028011204481792717,0.5312791783380019
train,0.31140748,0.0028011204481792717,0.5149393090569561
train,0.31139502,0.0032679738562091504,0.5149393090569561
train,0.30869713,0.0032679738562091504,0.5084033613445378
train,0.30864584,0.003734827264239029,0.5084033613445378
train,0.29647636,0.003734827264239029,0.4789915966386554
train,0.29643494,0.004201680672268907,0.4789915966386554
train,0.2959192,0.004201680672268907,0.4771241830065359
train,0.29564515,0.004668534080298786,0.4771241830065359
train,0.2951534,0.004668534080298786,0.47619047619047616
train,0.29512438,0.005135387488328665,0.47619047619047616
train,0.28325522,0.005135387488328665,0.44957983193277307
train,0.28257,0.0056022408963585435,0.44957983193277307
train,0.28182408,0.0056022408963585435,0.44771241830065356
train,0.2818206,0.006069094304388422,0.44771241830065356
train,0.2812319,0.006069094304388422,0.4463118580765639
train,0.2808096,0.006535947712418301,0.4463118580765639
train,0.28027806,0.006535947712418301,0.4449112978524743
train,0.28027713,0.0070028011204481795,0.4449112978524743
train,0.27919832,0.0070028011204481795,0.44164332399626516
train,0.2791041,0.007469654528478058,0.44164332399626516
train,0.27648467,0.007469654528478058,0.4327731092436975
train,0.27640483,0.007936507936507936,0.4327731092436975
train,0.27382988,0.007936507936507936,0.427170868347339
train,0.2737284,0.008403361344537815,0.427170868347339
train,0.2731834,0.008403361344537815,0.4262371615312792
train,0.27315345,0.008870214752567693,0.4262371615312792
train,0.2724799,0.008870214752567693,0.4248366013071896
train,0.27217913,0.009337068160597572,0.4248366013071896
train,0.27058235,0.009337068160597572,0.41970121381886083
train,0.27039537,0.00980392156862745,0.41970121381886083
train,0.26793554,0.00980392156862745,0.4140989729225023
train,0.2674825,0.01027077497665733,0.4140989729225023
train,0.26439396,0.01027077497665733,0.4084967320261438
train,0.26437443,0.010737628384687208,0.4084967320261438
train,0.26198387,0.010737628384687208,0.40336134453781514
train,0.26185417,0.011204481792717087,0.40336134453781514
train,0.2599335,0.011204481792717087,0.3982259570494865
train,0.25987804,0.011671335200746966,0.3982259570494865
train,0.25945675,0.011671335200746966,0.39682539682539686
train,0.25892618,0.012138188608776844,0.39682539682539686
train,0.25699258,0.012138188608776844,0.39495798319327735
train,0.2569508,0.012605042016806723,0.39495798319327735
train,0.25600863,0.012605042016806723,0.39262371615312797
train,0.2553997,0.01353874883286648,0.39262371615312797
train,0.2528301,0.01353874883286648,0.3879551820728291
train,0.25242627,0.014005602240896359,0.3879551820728291
train,0.25189564,0.014005602240896359,0.3860877684407096
train,0.25097796,0.014939309056956116,0.3860877684407096
train,0.25088307,0.014939309056956116,0.3851540616246498
train,0.25077274,0.015406162464985995,0.3851540616246498
train,0.24850087,0.015406162464985995,0.3790849673202614
train,0.2481016,0.015873015873015872,0.3790849673202614
train,0.24725121,0.015873015873015872,0.37675070028011204
train,0.24724002,0.016339869281045753,0.37675070028011204
train,0.24662682,0.016339869281045753,0.3753501400560224
train,0.2461466,0.017740429505135387,0.3753501400560224
train,0.24504524,0.017740429505135387,0.373015873015873
train,0.24490994,0.018207282913165267,0.373015873015873
train,0.23910864,0.018207282913165267,0.3571428571428571
train,0.2390645,0.018674136321195144,0.3571428571428571
train,0.23840497,0.018674136321195144,0.35620915032679734
train,0.23779523,0.0196078431372549,0.35620915032679734
train,0.23673677,0.0196078431372549,0.35387488328664796
train,0.23673639,0.020074696545284782,0.35387488328664796
train,0.23619235,0.020074696545284782,0.3524743230625583
train,0.23554084,0.02054154995331466,0.3524743230625583
train,0.2350946,0.02054154995331466,0.35200746965452845
train,0.2348448,0.021475256769374416,0.35200746965452845
train,0.23482312,0.021475256769374416,0.35154061624649857
train,0.23481852,0.021942110177404293,0.35154061624649857
train,0.2347925,0.021942110177404293,0.3510737628384687
train,0.23460796,0.022408963585434174,0.3510737628384687
train,0.23306856,0.022408963585434174,0.3487394957983193
train,0.23293786,0.02287581699346405,0.3487394957983193
train,0.23255691,0.02287581699346405,0.3473389355742297
train,0.23214985,0.02334267040149393,0.3473389355742297
train,0.2312989,0.02334267040149393,0.34547152194211017
train,0.23073833,0.023809523809523808,0.34547152194211017
train,0.22997318,0.023809523809523808,0.3426704014939309
train,0.22993755,0.02427637721755369,0.3426704014939309
train,0.22897689,0.02427637721755369,0.33986928104575165
train,0.22875077,0.024743230625583566,0.33986928104575165
train,0.22700195,0.024743230625583566,0.3366013071895425
train,0.22700141,0.025210084033613446,0.3366013071895425
train,0.22462046,0.025210084033613446,0.3323996265172736
train,0.22394674,0.026143790849673203,0.3323996265172736
train,0.22385454,0.026143790849673203,0.33193277310924374
train,0.22372612,0.02661064425770308,0.33193277310924374
train,0.22246818,0.02661064425770308,0.32773109243697474
train,0.22239698,0.02707749766573296,0.32773109243697474
train,0.22151583,0.02707749766573296,0.3244631185807656
train,0.22136311,0.027544351073762838,0.3244631185807656
train,0.21879025,0.027544351073762838,0.3183940242763772
train,0.21836443,0.028478057889822595,0.3183940242763772
train,0.21629271,0.028478057889822595,0.3118580765639589
train,0.21548451,0.029878618113912233,0.3118580765639589
train,0.21545428,0.029878618113912233,0.31139122315592904
train,0.21539687,0.03034547152194211,0.31139122315592904
train,0.21535918,0.03034547152194211,0.3104575163398693
train,0.2149977,0.03221288515406162,0.3104575163398693
train,0.21472795,0.03221288515406162,0.30952380952380953
train,0.21469308,0.032679738562091505,0.30952380952380953
train,0.2139894,0.032679738562091505,0.3081232492997199
train,0.21370733,0.03314659197012138,0.3081232492997199
train,0.21356435,0.03314659197012138,0.3067226890756303
train,0.21334669,0.03361344537815126,0.3067226890756303
train,0.21307307,0.03361344537815126,0.3057889822595705
train,0.21288866,0.034080298786181136,0.3057889822595705
train,0.21285465,0.034080298786181136,0.30532212885154064
train,0.21250138,0.035480859010270774,0.30532212885154064
train,0.21092159,0.035480859010270774,0.3020541549953315
train,0.21067098,0.03594771241830065,0.3020541549953315
train,0.20990275,0.03594771241830065,0.300186741363212
train,0.20984869,0.036414565826330535,0.300186741363212
train,0.209834,0.036414565826330535,0.29925303454715224
train,0.20968434,0.037815126050420166,0.29925303454715224
train,0.20961231,0.037815126050420166,0.29878618113912236
train,0.2095997,0.03828197945845005,0.29878618113912236
train,0.20942645,0.03828197945845005,0.29738562091503273
train,0.20922767,0.0392156862745098,0.29738562091503273
train,0.208694,0.0392156862745098,0.29505135387488324
train,0.20859887,0.03968253968253968,0.29505135387488324
train,0.2085729,0.03968253968253968,0.2941176470588235
train,0.20829739,0.04061624649859944,0.2941176470588235
train,0.20823663,0.04061624649859944,0.2936507936507936
train,0.20762908,0.04108309990662932,0.2936507936507936
train,0.20658492,0.04108309990662932,0.29084967320261434
train,0.20642097,0.041549953314659195,0.29084967320261434
train,0.20594132,0.041549953314659195,0.2899159663865546
train,0.20576285,0.04201680672268908,0.2899159663865546
train,0.20341045,0.04201680672268908,0.2852474323062558
train,0.2033177,0.042483660130718956,0.2852474323062558
train,0.2025996,0.042483660130718956,0.28291316526610644
train,0.20249891,0.04295051353874883,0.28291316526610644
train,0.20212996,0.04295051353874883,0.28244631185807656
train,0.20192178,0.04341736694677871,0.28244631185807656
train,0.2012081,0.04341736694677871,0.28057889822595705
train,0.20060971,0.04435107376283847,0.28057889822595705
train,0.19871956,0.04435107376283847,0.2777777777777778
train,0.19849868,0.04481792717086835,0.2777777777777778
train,0.19711442,0.04481792717086835,0.27497665732959853
train,0.19665441,0.046218487394957986,0.27497665732959853
train,0.19591327,0.046218487394957986,0.273109243697479
train,0.1954034,0.04715219421101774,0.273109243697479
train,0.19513032,0.04715219421101774,0.27264239028944914
train,0.19485834,0.04855275443510738,0.27264239028944914
train,0.19458365,0.04855275443510738,0.27077497665732964
train,0.194158,0.049019607843137254,0.27077497665732964
train,0.19408475,0.049019607843137254,0.2698412698412699
train,0.19399054,0.04948646125116713,0.2698412698412699
train,0.19287653,0.04948646125116713,0.26844070961718025
train,0.19271968,0.049953314659197015,0.26844070961718025
train,0.19270203,0.049953314659197015,0.2679738562091504
train,0.19057205,0.05228758169934641,0.2679738562091504
train,0.18976758,0.05228758169934641,0.2670401493930906
train,0.18936208,0.052754435107376284,0.2670401493930906
train,0.18889283,0.052754435107376284,0.265172735760971
train,0.18813965,0.05368814192343604,0.265172735760971
train,0.18772149,0.05368814192343604,0.26423902894491125
train,0.1874776,0.055088702147525676,0.26423902894491125
train,0.18738134,0.055088702147525676,0.26377217553688137
train,0.1871423,0.05555555555555555,0.26377217553688137
train,0.1860621,0.05555555555555555,0.26190476190476186
train,0.18603085,0.056022408963585436,0.26190476190476186
train,0.18585661,0.056022408963585436,0.261437908496732
train,0.18574207,0.05695611577964519,0.261437908496732
train,0.18542106,0.05695611577964519,0.2609710550887021
train,0.18537316,0.05742296918767507,0.2609710550887021
train,0.1841061,0.05742296918767507,0.25770308123249297
train,0.18391487,0.05788982259570495,0.25770308123249297
train,0.18285377,0.05788982259570495,0.2553688141923436
train,0.18200044,0.05929038281979458,0.2553688141923436
train,0.18196325,0.05929038281979458,0.2549019607843137
train,0.18171164,0.06162464985994398,0.2549019607843137
train,0.18144411,0.06162464985994398,0.25396825396825395
train,0.1812878,0.06209150326797386,0.25396825396825395
train,0.18113948,0.06209150326797386,0.2535014005602241
train,0.18069625,0.06302521008403361,0.2535014005602241
train,0.18060648,0.06302521008403361,0.2530345471521942
train,0.1804773,0.06349206349206349,0.2530345471521942
train,0.18038563,0.06349206349206349,0.2525676937441643
train,0.18009642,0.06442577030812324,0.2525676937441643
train,0.17988545,0.06442577030812324,0.2511671335200747
train,0.1797576,0.06489262371615313,0.2511671335200747
train,0.17945033,0.06489262371615313,0.24976657329598506
train,0.17929257,0.06535947712418301,0.24976657329598506
train,0.17908126,0.06535947712418301,0.24836601307189543
train,0.17900503,0.06582633053221289,0.24836601307189543
train,0.17865825,0.06582633053221289,0.24649859943977592
train,0.17834117,0.06629318394024276,0.24649859943977592
train,0.1776654,0.06629318394024276,0.24603174603174605
train,0.17736688,0.0676937441643324,0.24603174603174605
train,0.17733866,0.0676937441643324,0.24556489262371617
train,0.1769323,0.06816059757236227,0.24556489262371617
train,0.17688145,0.06816059757236227,0.24463118580765641
train,0.17609337,0.06956115779645192,0.24463118580765641
train,0.17600428,0.06956115779645192,0.24416433239962654
train,0.1759447,0.0700280112044818,0.24416433239962654
train,0.17554073,0.0700280112044818,0.24183006535947715
train,0.17547773,0.07049486461251167,0.24183006535947715
train,0.17537457,0.07049486461251167,0.2408963585434174
train,0.17536959,0.07096171802054155,0.2408963585434174
train,0.17525928,0.07096171802054155,0.24042950513538752
train,0.17509265,0.0718954248366013,0.24042950513538752
train,0.17503797,0.0718954248366013,0.23996265172735765
train,0.1750142,0.07236227824463119,0.23996265172735765
train,0.1748343,0.07236227824463119,0.23949579831932777
train,0.17444605,0.07376283846872082,0.23949579831932777
train,0.17419007,0.07376283846872082,0.23856209150326801
train,0.17418692,0.0742296918767507,0.23856209150326801
train,0.17387307,0.0742296918767507,0.23809523809523814
train,0.17362517,0.07609710550887021,0.23809523809523814
train,0.17360818,0.07609710550887021,0.23762838468720826
train,0.17346065,0.07703081232492998,0.23762838468720826
train,0.17318182,0.07703081232492998,0.2366946778711485
train,0.1730523,0.07749766573295985,0.2366946778711485
train,0.17296758,0.07749766573295985,0.23622782446311863
train,0.17273486,0.07889822595704948,0.23622782446311863
train,0.17260553,0.07889822595704948,0.23576097105508875
train,0.17248271,0.07936507936507936,0.23576097105508875
train,0.17238139,0.07936507936507936,0.234827264239029
train,0.17232823,0.07983193277310924,0.234827264239029
train,0.17170484,0.07983193277310924,0.234360410830999
train,0.17148092,0.08169934640522876,0.234360410830999
train,0.17123607,0.08169934640522876,0.23342670401493926
train,0.17111707,0.08216619981325864,0.23342670401493926
train,0.17028663,0.08216619981325864,0.2324929971988795
train,0.17015916,0.08263305322128851,0.2324929971988795
train,0.16997202,0.08263305322128851,0.23202614379084963
train,0.16996896,0.08309990662931839,0.23202614379084963
train,0.16923338,0.08309990662931839,0.23109243697478987
train,0.1691253,0.08356676003734827,0.23109243697478987
train,0.168446,0.08356676003734827,0.22969187675070024
train,0.16824913,0.08496732026143791,0.22969187675070024
train,0.16795702,0.08496732026143791,0.22922502334267036
train,0.16771507,0.08543417366946779,0.22922502334267036
train,0.16768801,0.08543417366946779,0.2282913165266106
train,0.1676428,0.08590102707749767,0.2282913165266106
train,0.16748625,0.08590102707749767,0.22782446311858073
train,0.1674738,0.08636788048552754,0.22782446311858073
train,0.16724327,0.08636788048552754,0.22735760971055086
train,0.16719685,0.08683473389355742,0.22735760971055086
train,0.16712613,0.08683473389355742,0.2264239028944911
train,0.16710865,0.0873015873015873,0.2264239028944911
train,0.16705097,0.0873015873015873,0.22595704948646123
train,0.16670726,0.08823529411764706,0.22595704948646123
train,0.16667414,0.08823529411764706,0.22549019607843135
train,0.16639994,0.09010270774976657,0.22549019607843135
train,0.16612881,0.09010270774976657,0.22408963585434172
train,0.16575424,0.0915032679738562,0.22408963585434172
train,0.1656302,0.0915032679738562,0.22315592903828196
train,0.16529353,0.09243697478991597,0.22315592903828196
train,0.16491224,0.09243697478991597,0.2222222222222222
train,0.16300938,0.09850606909430439,0.2222222222222222
train,0.16297998,0.09850606909430439,0.22175536881419233
train,0.16226001,0.10037348272642391,0.22175536881419233
train,0.16210535,0.10037348272642391,0.22082166199813258
train,0.16186798,0.10130718954248366,0.22082166199813258
train,0.16158335,0.10130718954248366,0.2203548085901027
train,0.16156982,0.10177404295051354,0.2203548085901027
train,0.16155456,0.10177404295051354,0.21988795518207283
train,0.16153821,0.10224089635854341,0.21988795518207283
train,0.16072682,0.10224089635854341,0.21802054154995332
train,0.16051726,0.10270774976657329,0.21802054154995332
train,0.16047487,0.10270774976657329,0.21755368814192344
train,0.15955141,0.10410830999066294,0.21755368814192344
train,0.15933017,0.10410830999066294,0.2166199813258637
train,0.15876648,0.10457516339869281,0.2166199813258637
train,0.15845495,0.10457516339869281,0.21568627450980393
train,0.15841657,0.10550887021475257,0.21568627450980393
train,0.15799263,0.10550887021475257,0.21475256769374418
train,0.15741418,0.1069094304388422,0.21475256769374418
train,0.15709953,0.1069094304388422,0.21335200746965455
train,0.1569507,0.10737628384687208,0.21335200746965455
train,0.15692881,0.10737628384687208,0.21288515406162467
train,0.15685354,0.10784313725490197,0.21288515406162467
train,0.15658891,0.10784313725490197,0.2124183006535948
train,0.15623191,0.10830999066293184,0.2124183006535948
train,0.15621687,0.10830999066293184,0.21195144724556492
train,0.15594871,0.10877684407096172,0.21195144724556492
train,0.15542121,0.10877684407096172,0.2100840336134454
train,0.15526892,0.11064425770308123,0.2100840336134454
train,0.15498424,0.11064425770308123,0.20961718020541553
train,0.15478086,0.11204481792717087,0.20961718020541553
train,0.15475832,0.11204481792717087,0.20915032679738566
train,0.15471178,0.11251167133520075,0.20915032679738566
train,0.15443438,0.11251167133520075,0.2082166199813259
train,0.15442589,0.11297852474323063,0.2082166199813259
train,0.15415666,0.11297852474323063,0.20774976657329602
train,0.15310746,0.11437908496732026,0.20774976657329602
train,0.15310125,0.11437908496732026,0.20728291316526615
train,0.15281697,0.11484593837535013,0.20728291316526615
train,0.15272088,0.11484593837535013,0.2063492063492064
train,0.15244587,0.1157796451914099,0.2063492063492064
train,0.15239848,0.1157796451914099,0.20588235294117652
train,0.15192463,0.11718020541549953,0.20588235294117652
train,0.1518147,0.11718020541549953,0.20541549953314664
train,0.15134661,0.11998132586367881,0.20541549953314664
train,0.15098059,0.11998132586367881,0.20494864612511676
train,0.14905135,0.12324929971988796,0.20494864612511676
train,0.14904606,0.12324929971988796,0.20448179271708689
train,0.14877507,0.12464985994397759,0.20448179271708689
train,0.1487739,0.12464985994397759,0.204014939309057
train,0.14865628,0.12558356676003735,0.204014939309057
train,0.14858489,0.12558356676003735,0.20354808590102713
train,0.14855033,0.12605042016806722,0.20354808590102713
train,0.14819686,0.12605042016806722,0.20308123249299714
train,0.14792924,0.12745098039215685,0.20308123249299714
train,0.14766909,0.12745098039215685,0.20074696545284776
train,0.14741768,0.12791783380018673,0.20074696545284776
train,0.1468945,0.12791783380018673,0.19887955182072825
train,0.14658721,0.1283846872082166,0.19887955182072825
train,0.14640838,0.1283846872082166,0.1979458450046685
train,0.14639108,0.12885154061624648,0.1979458450046685
train,0.14630045,0.12885154061624648,0.19747899159663862
train,0.1461109,0.13025210084033614,0.19747899159663862
train,0.14603114,0.13025210084033614,0.19701213818860874
train,0.14576358,0.13211951447245565,0.19701213818860874
train,0.14530669,0.13211951447245565,0.1956115779645191
train,0.14529145,0.13258636788048553,0.1956115779645191
train,0.14491995,0.13258636788048553,0.19467787114845936
train,0.14467023,0.13398692810457516,0.19467787114845936
train,0.14455329,0.13398692810457516,0.19421101774042948
train,0.14452197,0.1349206349206349,0.19421101774042948
train,0.1442502,0.1349206349206349,0.1937441643323996
train,0.14388365,0.13725490196078433,0.1937441643323996
train,0.14385101,0.13725490196078433,0.19327731092436973
train,0.14382637,0.1377217553688142,0.19327731092436973
train,0.14368787,0.1377217553688142,0.19281045751633985
train,0.14361247,0.13865546218487396,0.19281045751633985
train,0.1433412,0.13865546218487396,0.1918767507002801
train,0.14310555,0.1400560224089636,0.1918767507002801
train,0.14302431,0.1400560224089636,0.19140989729225022
train,0.14274935,0.14052287581699346,0.19140989729225022
train,0.14274168,0.14052287581699346,0.19094304388422034
train,0.14267306,0.14098972922502334,0.19094304388422034
train,0.14253026,0.14098972922502334,0.1900093370681606
train,0.14234737,0.14145658263305322,0.1900093370681606
train,0.14183344,0.14145658263305322,0.18627450980392157
train,0.14147915,0.14285714285714285,0.18627450980392157
train,0.14120717,0.14285714285714285,0.1858076563958917
train,0.14072187,0.14472455648926238,0.1858076563958917
train,0.14068662,0.14472455648926238,0.18534080298786182
train,0.13995214,0.14565826330532214,0.18534080298786182
train,0.13957345,0.14565826330532214,0.18487394957983194
train,0.13926177,0.14892623716153128,0.18487394957983194
train,0.13919242,0.14892623716153128,0.18440709617180207
train,0.13913952,0.14939309056956115,0.18440709617180207
train,0.1389231,0.14939309056956115,0.1834733893557423
train,0.13888888,0.14985994397759103,0.1834733893557423
train,0.13848811,0.14985994397759103,0.18300653594771243
train,0.13786472,0.15359477124183007,0.18300653594771243
train,0.1375881,0.15359477124183007,0.18253968253968256
train,0.13670757,0.1568627450980392,0.18253968253968256
train,0.13642547,0.1568627450980392,0.18207282913165268
train,0.13617061,0.15873015873015872,0.18207282913165268
train,0.13606592,0.15873015873015872,0.18067226890756305
train,0.13581106,0.15966386554621848,0.18067226890756305
train,0.13550712,0.15966386554621848,0.17880485527544354
train,0.13536313,0.16013071895424835,0.17880485527544354
train,0.1352151,0.16013071895424835,0.17833800186741366
train,0.13493696,0.16106442577030813,0.17833800186741366
train,0.13441117,0.16106442577030813,0.1774042950513539
train,0.13402723,0.161531279178338,0.1774042950513539
train,0.13374288,0.161531279178338,0.17507002801120453
train,0.13267313,0.16479925303454715,0.17507002801120453
train,0.13257568,0.16479925303454715,0.17460317460317465
train,0.13194944,0.16619981325863678,0.17460317460317465
train,0.13190372,0.16619981325863678,0.17413632119514477
train,0.13136432,0.16806722689075632,0.17413632119514477
train,0.13087653,0.16806722689075632,0.17226890756302526
train,0.13074885,0.16900093370681607,0.17226890756302526
train,0.13063389,0.16900093370681607,0.17086834733893552
train,0.13019454,0.16993464052287582,0.17086834733893552
train,0.12986766,0.16993464052287582,0.17040149393090565
train,0.12983228,0.1704014939309057,0.17040149393090565
train,0.12959194,0.1704014939309057,0.16900093370681601
train,0.12953812,0.17133520074696545,0.16900093370681601
train,0.1291395,0.17133520074696545,0.16760037348272638
train,0.12873544,0.17273576097105509,0.16760037348272638
train,0.12834458,0.17273576097105509,0.16573295985060688
train,0.12813848,0.17413632119514472,0.16573295985060688
train,0.12805337,0.17413632119514472,0.165266106442577
train,0.12792757,0.1746031746031746,0.165266106442577
train,0.127878,0.1746031746031746,0.16479925303454712
train,0.12769163,0.17647058823529413,0.16479925303454712
train,0.12767255,0.17647058823529413,0.16433239962651724
train,0.12728038,0.17787114845938376,0.16433239962651724
train,0.12726341,0.17787114845938376,0.16386554621848737
train,0.12726158,0.17833800186741364,0.16386554621848737
train,0.12709889,0.17833800186741364,0.16293183940242761
train,0.12694302,0.1792717086834734,0.16293183940242761
train,0.12668748,0.1792717086834734,0.16246498599439774
train,0.12631847,0.18067226890756302,0.16246498599439774
train,0.12618482,0.18067226890756302,0.16199813258636786
train,0.12613423,0.18160597572362278,0.16199813258636786
train,0.12613367,0.18160597572362278,0.16153127917833798
train,0.12538162,0.18347338935574228,0.16153127917833798
train,0.12503004,0.18347338935574228,0.16059757236227823
train,0.12476136,0.1839402427637722,0.16059757236227823
train,0.12465314,0.1839402427637722,0.16013071895424835
train,0.12459806,0.18440709617180207,0.16013071895424835
train,0.12451768,0.18440709617180207,0.15966386554621848
train,0.12437734,0.18534080298786182,0.15966386554621848
train,0.1241333,0.18534080298786182,0.15873015873015872
train,0.12211419,0.1942110177404295,0.15873015873015872
train,0.12149143,0.1942110177404295,0.1568627450980392
train,0.12060824,0.19607843137254902,0.1568627450980392
train,0.120580874,0.19607843137254902,0.15592903828197946
train,0.12008359,0.19934640522875818,0.15592903828197946
train,0.11993418,0.19934640522875818,0.15546218487394958
train,0.119775556,0.2012138188608777,0.15546218487394958
train,0.119746946,0.2012138188608777,0.1549953314659197
train,0.11910715,0.2030812324929972,0.1549953314659197
train,0.11897148,0.2030812324929972,0.15359477124183007
train,0.118683994,0.20541549953314658,0.15359477124183007
train,0.118654974,0.20541549953314658,0.1531279178338002
train,0.11800674,0.207749766573296,0.1531279178338002
train,0.11794255,0.207749766573296,0.15266106442577032
train,0.117936715,0.20821661998132587,0.15266106442577032
train,0.11773266,0.20821661998132587,0.15172735760971057
train,0.11750606,0.20915032679738563,0.15172735760971057
train,0.11659306,0.20915032679738563,0.15032679738562094
train,0.11582373,0.211484593837535,0.15032679738562094
train,0.11565498,0.211484593837535,0.14985994397759106
train,0.11536629,0.21241830065359477,0.14985994397759106
train,0.11534554,0.21241830065359477,0.14939309056956118
train,0.11453945,0.21475256769374415,0.14939309056956118
train,0.11435828,0.21475256769374415,0.1489262371615313
train,0.11417055,0.21521942110177406,0.1489262371615313
train,0.11411131,0.21521942110177406,0.14845938375350143
train,0.11409158,0.21568627450980393,0.14845938375350143
train,0.113984615,0.21568627450980393,0.14799253034547155
train,0.113882445,0.2161531279178338,0.14799253034547155
train,0.11351493,0.2161531279178338,0.1470588235294118
train,0.11332787,0.21708683473389356,0.1470588235294118
train,0.11323011,0.21708683473389356,0.14659197012138192
train,0.11309949,0.21802054154995332,0.14659197012138192
train,0.11295662,0.21802054154995332,0.14612511671335204
train,0.11293758,0.2184873949579832,0.14612511671335204
train,0.11282589,0.2184873949579832,0.14565826330532217
train,0.11243943,0.21895424836601307,0.14565826330532217
train,0.1123946,0.21895424836601307,0.1451914098972923
train,0.111974,0.22268907563025211,0.1451914098972923
train,0.11157517,0.22268907563025211,0.14379084967320266
train,0.11129364,0.22408963585434175,0.14379084967320266
train,0.11104621,0.22408963585434175,0.1428571428571429
train,0.11093157,0.22455648926237162,0.1428571428571429
train,0.11091146,0.22455648926237162,0.14239028944911303
train,0.110712744,0.22595704948646125,0.14239028944911303
train,0.11069938,0.22595704948646125,0.14192343604108315
train,0.11039765,0.22735760971055088,0.14192343604108315
train,0.11011595,0.22735760971055088,0.1409897292250234
train,0.10990686,0.22829131652661064,0.1409897292250234
train,0.10988074,0.22829131652661064,0.1405228758169934
train,0.1093958,0.23109243697478993,0.1405228758169934
train,0.10929336,0.23109243697478993,0.14005602240896353
train,0.1092214,0.23202614379084968,0.14005602240896353
train,0.1091206,0.23202614379084968,0.13912231559290378
train,0.10902603,0.23295985060690944,0.13912231559290378
train,0.108767815,0.23295985060690944,0.1386554621848739
train,0.10858719,0.23436041083099907,0.1386554621848739
train,0.10855394,0.23436041083099907,0.13818860877684402
train,0.10816751,0.2357609710550887,0.13818860877684402
train,0.107897386,0.2357609710550887,0.13725490196078427
train,0.107586525,0.23622782446311857,0.13725490196078427
train,0.10754786,0.23622782446311857,0.1367880485527544
train,0.10721686,0.23902894491129786,0.1367880485527544
train,0.10707396,0.23902894491129786,0.13632119514472452
train,0.10655016,0.24136321195144725,0.13632119514472452
train,0.106489204,0.24136321195144725,0.13585434173669464
train,0.105501264,0.24369747899159663,0.13585434173669464
train,0.10518367,0.24369747899159663,0.13538748832866476
train,0.104672976,0.24509803921568626,0.13538748832866476
train,0.10442875,0.24509803921568626,0.134453781512605
train,0.1036813,0.2488328664799253,0.134453781512605
train,0.10317721,0.2488328664799253,0.13398692810457513
train,0.102823384,0.2525676937441643,0.13398692810457513
train,0.10274351,0.2525676937441643,0.13352007469654525
train,0.102624334,0.2535014005602241,0.13352007469654525
train,0.10259482,0.2535014005602241,0.13305322128851538
train,0.10195801,0.2572362278244631,0.13305322128851538
train,0.10133751,0.2572362278244631,0.130718954248366
train,0.100853674,0.25957049486461253,0.130718954248366
train,0.10003826,0.25957049486461253,0.12931839402427636
train,0.09980824,0.26143790849673204,0.12931839402427636
train,0.099651694,0.26143790849673204,0.12791783380018673
train,0.099462494,0.26283846872082167,0.12791783380018673
train,0.09937749,0.26283846872082167,0.12745098039215685
train,0.09840418,0.2661064425770308,0.12745098039215685
train,0.09839088,0.2661064425770308,0.12698412698412698
train,0.09789427,0.2679738562091503,0.12698412698412698
train,0.09789137,0.2679738562091503,0.1265172735760971
train,0.09736779,0.27170868347338933,0.1265172735760971
train,0.09709005,0.27170868347338933,0.12605042016806722
train,0.09636223,0.2740429505135388,0.12605042016806722
train,0.09635459,0.2740429505135388,0.12558356676003735
train,0.09623672,0.27497665732959853,0.12558356676003735
train,0.09620736,0.27497665732959853,0.12511671335200747
train,0.09612271,0.2754435107376284,0.12511671335200747
train,0.09587833,0.2754435107376284,0.12464985994397759
train,0.095469385,0.2759103641456583,0.12464985994397759
train,0.09532402,0.2759103641456583,0.12418300653594772
train,0.0948424,0.2773109243697479,0.12418300653594772
train,0.094662406,0.2773109243697479,0.12371615312791784
train,0.09447895,0.27871148459383754,0.12371615312791784
train,0.0943787,0.27871148459383754,0.12324929971988796
train,0.09385146,0.2796451914098973,0.12324929971988796
train,0.093839124,0.2796451914098973,0.12278244631185808
train,0.093480416,0.28057889822595705,0.12278244631185808
train,0.09340558,0.28057889822595705,0.12231559290382821
train,0.09328607,0.28104575163398693,0.12231559290382821
train,0.09314814,0.28104575163398693,0.12184873949579833
train,0.09309116,0.2815126050420168,0.12184873949579833
train,0.09302142,0.2815126050420168,0.12091503267973858
train,0.09297532,0.28291316526610644,0.12091503267973858
train,0.09288636,0.28291316526610644,0.1204481792717087
train,0.09276174,0.28478057889822594,0.1204481792717087
train,0.092746645,0.28478057889822594,0.11998132586367882
train,0.09231984,0.28711484593837533,0.11998132586367882
train,0.09219546,0.28711484593837533,0.11951447245564895
train,0.09194453,0.2880485527544351,0.11951447245564895
train,0.0917382,0.2880485527544351,0.11904761904761907
train,0.09156343,0.28898225957049484,0.11904761904761907
train,0.09110626,0.28898225957049484,0.11811391223155931
train,0.090945005,0.28991596638655465,0.11811391223155931
train,0.090843834,0.28991596638655465,0.11764705882352944
train,0.090317585,0.29365079365079366,0.11764705882352944
train,0.090240896,0.29365079365079366,0.11718020541549956
train,0.08940401,0.29785247432306255,0.11718020541549956
train,0.08932474,0.29785247432306255,0.11671335200746968
train,0.08927745,0.29831932773109243,0.11671335200746968
train,0.08926429,0.29831932773109243,0.11624649859943981
train,0.08857265,0.3006535947712418,0.11624649859943981
train,0.088383436,0.3006535947712418,0.11577964519140993
train,0.08784602,0.30158730158730157,0.11577964519140993
train,0.08781434,0.30158730158730157,0.11531279178338005
train,0.08750696,0.30392156862745096,0.11531279178338005
train,0.087097995,0.30392156862745096,0.11484593837535018
train,0.08641084,0.3067226890756303,0.11484593837535018
train,0.08634463,0.3067226890756303,0.1143790849673203
train,0.08621999,0.30718954248366015,0.1143790849673203
train,0.08610307,0.30718954248366015,0.11391223155929042
train,0.08583897,0.30765639589169,0.11391223155929042
train,0.08579496,0.30765639589169,0.11344537815126055
train,0.0855478,0.3085901027077498,0.11344537815126055
train,0.08523741,0.3085901027077498,0.11204481792717091
train,0.08520206,0.30952380952380953,0.11204481792717091
train,0.08517259,0.30952380952380953,0.11157796451914104
train,0.08506656,0.3099906629318394,0.11157796451914104
train,0.08486128,0.3099906629318394,0.11111111111111116
train,0.08465034,0.3123249299719888,0.11111111111111116
train,0.08461939,0.3123249299719888,0.11064425770308128
train,0.084422216,0.3141923436041083,0.11064425770308128
train,0.084362686,0.3141923436041083,0.10971055088702153
train,0.08430101,0.31512605042016806,0.10971055088702153
train,0.0842832,0.31512605042016806,0.10924369747899154
train,0.08409522,0.3165266106442577,0.10924369747899154
train,0.08386048,0.3165266106442577,0.10830999066293179
train,0.083753206,0.31746031746031744,0.10830999066293179
train,0.08364284,0.31746031746031744,0.10784313725490191
train,0.08305399,0.3188608776844071,0.10784313725490191
train,0.082978174,0.3188608776844071,0.10737628384687203
train,0.08267763,0.3202614379084967,0.10737628384687203
train,0.08254996,0.3202614379084967,0.10690943043884216
train,0.08172587,0.32212885154061627,0.10690943043884216
train,0.08150303,0.32212885154061627,0.1059757236227824
train,0.08119392,0.3239962651727358,0.1059757236227824
train,0.08091914,0.3239962651727358,0.10550887021475253
train,0.080703236,0.32633053221288516,0.10550887021475253
train,0.08068715,0.32633053221288516,0.10504201680672265
train,0.08043645,0.32866479925303455,0.10504201680672265
train,0.0803217,0.32866479925303455,0.10457516339869277
train,0.08030005,0.3291316526610644,0.10457516339869277
train,0.08025137,0.3291316526610644,0.10364145658263302
train,0.0798858,0.33426704014939307,0.10364145658263302
train,0.07988278,0.33426704014939307,0.10317460317460314
train,0.07901894,0.3389355742296919,0.10317460317460314
train,0.078863375,0.3389355742296919,0.10177404295051351
train,0.07886242,0.33940242763772177,0.10177404295051351
train,0.07877092,0.33940242763772177,0.10130718954248363
train,0.07871195,0.33986928104575165,0.10130718954248363
train,0.078676976,0.33986928104575165,0.10037348272642388
train,0.07685545,0.3450046685340803,0.10037348272642388
train,0.07685155,0.3450046685340803,0.099906629318394
train,0.07650451,0.3468720821661998,0.099906629318394
train,0.07632383,0.3468720821661998,0.09943977591036413
train,0.07582189,0.3492063492063492,0.09943977591036413
train,0.07567448,0.3492063492063492,0.09897292250233425
train,0.07557873,0.3506069094304388,0.09897292250233425
train,0.075544514,0.3506069094304388,0.09850606909430437
train,0.073481046,0.35947712418300654,0.09850606909430437
train,0.07347927,0.35947712418300654,0.0980392156862745
train,0.072043076,0.36321195144724555,0.0980392156862745
train,0.072018206,0.36321195144724555,0.09757236227824462
train,0.070947714,0.3674136321195145,0.09757236227824462
train,0.07091953,0.3674136321195145,0.09710550887021474
train,0.070550814,0.36881419234360413,0.09710550887021474
train,0.0702533,0.36881419234360413,0.09617180205415499
train,0.07004993,0.37021475256769376,0.09617180205415499
train,0.06999227,0.37021475256769376,0.09570494864612511
train,0.06978201,0.37208216619981327,0.09570494864612511
train,0.06947473,0.37208216619981327,0.09477124183006536
train,0.06878,0.3758169934640523,0.09477124183006536
train,0.06854808,0.3758169934640523,0.09430438842203548
train,0.06848579,0.37628384687208216,0.09430438842203548
train,0.06839912,0.37628384687208216,0.0938375350140056
train,0.06820413,0.3795518207282913,0.0938375350140056
train,0.06777697,0.3795518207282913,0.09290382819794585
train,0.0661775,0.38468720821662,0.09290382819794585
train,0.06613793,0.38468720821662,0.09243697478991597
train,0.0660891,0.38562091503267976,0.09243697478991597
train,0.065887295,0.38562091503267976,0.09150326797385622
train,0.06567499,0.3865546218487395,0.09150326797385622
train,0.06551403,0.3865546218487395,0.09056956115779646
train,0.06530261,0.38795518207282914,0.09056956115779646
train,0.06518454,0.38795518207282914,0.09010270774976659
train,0.065007634,0.3888888888888889,0.09010270774976659
train,0.06483594,0.3888888888888889,0.08963585434173671
train,0.06370851,0.3949579831932773,0.08963585434173671
train,0.063697524,0.3949579831932773,0.08916900093370683
train,0.06291648,0.3968253968253968,0.08916900093370683
train,0.06288227,0.3968253968253968,0.08870214752567696
train,0.06286956,0.3972922502334267,0.08870214752567696
train,0.06279651,0.3972922502334267,0.08823529411764708
train,0.062365767,0.400093370681606,0.08823529411764708
train,0.062254637,0.400093370681606,0.0877684407096172
train,0.061534233,0.4066293183940243,0.0877684407096172
train,0.061515085,0.4066293183940243,0.08730158730158732
train,0.06123802,0.4098972922502334,0.08730158730158732
train,0.061049573,0.4098972922502334,0.08636788048552757
train,0.059920788,0.41643323996265175,0.08636788048552757
train,0.059677184,0.41643323996265175,0.0859010270774977
train,0.05935035,0.41876750700280113,0.0859010270774977
train,0.059347235,0.41876750700280113,0.08543417366946782
train,0.058571316,0.42296918767507,0.08543417366946782
train,0.058379102,0.42296918767507,0.08450046685340806
train,0.058075223,0.4239028944911298,0.08450046685340806
train,0.05799056,0.4239028944911298,0.08403361344537819
train,0.055882704,0.4341736694677871,0.08403361344537819
train,0.05537701,0.4341736694677871,0.08309990662931843
train,0.05479119,0.4365079365079365,0.08309990662931843
train,0.054677974,0.4365079365079365,0.08263305322128855
train,0.054636806,0.43744164332399627,0.08263305322128855
train,0.05458078,0.43744164332399627,0.08216619981325868
train,0.054534115,0.43790849673202614,0.08216619981325868
train,0.054157455,0.43790849673202614,0.08076563958916905
train,0.052858036,0.4425770308123249,0.08076563958916905
train,0.052836046,0.4425770308123249,0.08029878618113917
train,0.05267109,0.44351073762838467,0.08029878618113917
train,0.05262479,0.44351073762838467,0.0798319327731093
train,0.052520663,0.4449112978524743,0.0798319327731093
train,0.052495208,0.4449112978524743,0.07936507936507942
train,0.051065266,0.4523809523809524,0.07936507936507942
train,0.050826594,0.4523809523809524,0.07843137254901966
train,0.050388757,0.4565826330532213,0.07843137254901966
train,0.05020789,0.4565826330532213,0.07796451914098967
train,0.04845163,0.4631185807656396,0.07796451914098967
train,0.048437253,0.4631185807656396,0.0774976657329598
train,0.0482624,0.46451914098972924,0.0774976657329598
train,0.048138373,0.46451914098972924,0.07703081232492992
train,0.04784034,0.465452847805789,0.07703081232492992
train,0.04771141,0.465452847805789,0.07609710550887017
train,0.047652785,0.46591970121381887,0.07609710550887017
train,0.047544163,0.46591970121381887,0.07516339869281041
train,0.046708547,0.469187675070028,0.07516339869281041
train,0.046637796,0.469187675070028,0.07469654528478054
train,0.046365947,0.47012138188608776,0.07469654528478054
train,0.04616096,0.47012138188608776,0.07422969187675066
train,0.0452868,0.47478991596638653,0.07422969187675066
train,0.045246262,0.47478991596638653,0.0732959850606909
train,0.045000277,0.4766573295985061,0.0732959850606909
train,0.044974606,0.4766573295985061,0.07282913165266103
train,0.044172525,0.4803921568627451,0.07282913165266103
train,0.044101518,0.4803921568627451,0.07236227824463115
train,0.04234649,0.4906629318394024,0.07236227824463115
train,0.042284608,0.4906629318394024,0.0714285714285714
train,0.041968707,0.49253034547152197,0.0714285714285714
train,0.041839413,0.49253034547152197,0.07096171802054152
train,0.041784044,0.4934640522875817,0.07096171802054152
train,0.041714795,0.4934640522875817,0.07049486461251164
train,0.04166086,0.4939309056956116,0.07049486461251164
train,0.041527715,0.4939309056956116,0.07002801120448177
train,0.040707495,0.4957983193277311,0.07002801120448177
train,0.040256996,0.4957983193277311,0.06862745098039214
train,0.03838411,0.5051353874883286,0.06862745098039214
train,0.038044035,0.5051353874883286,0.06769374416433238
train,0.037807934,0.5065359477124183,0.06769374416433238
train,0.037745774,0.5065359477124183,0.0672268907563025
train,0.03743879,0.5088702147525677,0.0672268907563025
train,0.037408438,0.5088702147525677,0.06676003734827263
train,0.036595296,0.5126050420168067,0.06676003734827263
train,0.03659166,0.5126050420168067,0.06629318394024275
train,0.03630803,0.5154061624649859,0.06629318394024275
train,0.036288977,0.5154061624649859,0.06582633053221287
train,0.03606355,0.5168067226890757,0.06582633053221287
train,0.036033466,0.5168067226890757,0.065359477124183
train,0.03542575,0.5219421101774043,0.065359477124183
train,0.03529657,0.5219421101774043,0.06489262371615312
train,0.035096772,0.523342670401494,0.06489262371615312
train,0.034889992,0.523342670401494,0.06442577030812324
train,0.03464483,0.5247432306255836,0.06442577030812324
train,0.03445869,0.5247432306255836,0.06395891690009337
train,0.03331421,0.5298786181139122,0.06395891690009337
train,0.033255756,0.5298786181139122,0.06349206349206349
train,0.03313852,0.5303454715219421,0.06349206349206349
train,0.033101693,0.5303454715219421,0.06302521008403361
train,0.03212609,0.5373482726423903,0.06302521008403361
train,0.03198119,0.5373482726423903,0.06255835667600373
train,0.031560827,0.5396825396825397,0.06255835667600373
train,0.031530216,0.5396825396825397,0.06209150326797386
train,0.031247323,0.5401493930905695,0.06209150326797386
train,0.031237695,0.5401493930905695,0.06162464985994398
train,0.030515473,0.5443510737628384,0.06162464985994398
train,0.030317271,0.5443510737628384,0.06022408963585435
train,0.028453434,0.5518207282913166,0.06022408963585435
train,0.028224466,0.5518207282913166,0.05975723622782447
train,0.027797788,0.5536881419234361,0.05975723622782447
train,0.02752903,0.5536881419234361,0.059290382819794596
train,0.02562888,0.5676937441643324,0.059290382819794596
train,0.025480194,0.5676937441643324,0.05882352941176472
train,0.024422564,0.572829131652661,0.05882352941176472
train,0.024275219,0.572829131652661,0.057889822595704965
train,0.02280798,0.5788982259570495,0.057889822595704965
train,0.022743296,0.5788982259570495,0.05695611577964521
train,0.02247014,0.5816993464052288,0.05695611577964521
train,0.022433853,0.5816993464052288,0.056489262371615334
train,0.022179637,0.5840336134453782,0.056489262371615334
train,0.022160022,0.5840336134453782,0.05602240896358546
train,0.022055509,0.5849673202614379,0.05602240896358546
train,0.021868866,0.5849673202614379,0.05555555555555558
train,0.021716509,0.5859010270774977,0.05555555555555558
train,0.021531057,0.5859010270774977,0.0550887021475257
train,0.020226456,0.5896358543417367,0.0550887021475257
train,0.019959051,0.5896358543417367,0.054621848739495826
train,0.019875223,0.5901027077497666,0.054621848739495826
train,0.019808713,0.5901027077497666,0.05415499533146595
train,0.019554015,0.592436974789916,0.05415499533146595
train,0.019533237,0.592436974789916,0.05368814192343607
train,0.018780647,0.5971055088702147,0.05368814192343607
train,0.018739965,0.5971055088702147,0.053221288515406195
train,0.017841885,0.6027077497665733,0.053221288515406195
train,0.017748665,0.6027077497665733,0.05275443510737632
train,0.017209968,0.6059757236227824,0.05275443510737632
train,0.016935818,0.6059757236227824,0.05228758169934644
train,0.016540708,0.6087768440709617,0.05228758169934644
train,0.01638773,0.6087768440709617,0.051820728291316565
train,0.015884968,0.6120448179271709,0.051820728291316565
train,0.015865786,0.6120448179271709,0.05135387488328669
train,0.015785225,0.6125116713352008,0.05135387488328669
train,0.015703637,0.6125116713352008,0.050420168067226934
train,0.01551252,0.6134453781512605,0.050420168067226934
train,0.015403152,0.6134453781512605,0.04995331465919706
train,0.015030948,0.6157796451914099,0.04995331465919706
train,0.014380754,0.6157796451914099,0.04808590102707755
train,0.013820258,0.6176470588235294,0.04808590102707755
train,0.013809836,0.6176470588235294,0.04761904761904767
train,0.012005918,0.6255835667600373,0.04761904761904767
train,0.011859489,0.6255835667600373,0.047152194211017795
train,0.009755712,0.6339869281045751,0.047152194211017795
train,0.00975066,0.6339869281045751,0.04668534080298781
train,0.009502649,0.6363211951447245,0.04668534080298781
train,0.008979703,0.6363211951447245,0.04621848739495793
train,0.008319737,0.6377217553688141,0.04621848739495793
train,0.00818853,0.6377217553688141,0.04575163398692805
train,0.008114067,0.6386554621848739,0.04575163398692805
train,0.007935627,0.6386554621848739,0.045284780578898176
train,0.0074246563,0.6419234360410832,0.045284780578898176
train,0.0073660505,0.6419234360410832,0.0448179271708683
train,0.0073277177,0.642390289449113,0.0448179271708683
train,0.007191278,0.642390289449113,0.04435107376283842
train,0.007066251,0.6428571428571429,0.04435107376283842
train,0.00656894,0.6428571428571429,0.043884220354808545
train,0.006463483,0.6437908496732027,0.043884220354808545
train,0.006364617,0.6437908496732027,0.04341736694677867
train,0.0063397717,0.6442577030812325,0.04341736694677867
train,0.0062696915,0.6442577030812325,0.04295051353874879
train,0.0062656845,0.6447245564892624,0.04295051353874879
train,0.0061905924,0.6447245564892624,0.042483660130718914
train,0.00611895,0.646125116713352,0.042483660130718914
train,0.0060358294,0.646125116713352,0.04201680672268904
train,0.006005989,0.6465919701213819,0.04201680672268904
train,0.005834767,0.6465919701213819,0.04154995331465916
train,0.0056357887,0.6479925303454716,0.04154995331465916
train,0.0054125553,0.6479925303454716,0.04108309990662928
train,0.0051147626,0.6498599439775911,0.04108309990662928
train,0.0050383382,0.6498599439775911,0.040616246498599407
train,0.0049051903,0.6512605042016807,0.040616246498599407
train,0.0047950423,0.6512605042016807,0.04014939309056953
train,0.0023262638,0.6619981325863679,0.04014939309056953
train,0.0023050592,0.6619981325863679,0.03968253968253965
train,0.00021817865,0.6708683473389355,0.03968253968253965
train,4.745549e-05,0.6708683473389355,0.039215686274509776
train,-0.0022205217,0.6830065359477124,0.039215686274509776
train,-0.0023664094,0.6830065359477124,0.0387488328664799
train,-0.0025151225,0.6834733893557423,0.0387488328664799
train,-0.0025729483,0.6834733893557423,0.03828197945845002
train,-0.0037148234,0.6872082166199813,0.03828197945845002
train,-0.004095149,0.6872082166199813,0.03688141923436039
train,-0.004493949,0.6881419234360411,0.03688141923436039
train,-0.004615309,0.6881419234360411,0.03594771241830064
train,-0.0046309154,0.688608776844071,0.03594771241830064
train,-0.004937773,0.688608776844071,0.03548085901027076
train,-0.005003514,0.6895424836601307,0.03548085901027076
train,-0.0053842203,0.6895424836601307,0.03408029878618113
train,-0.008041388,0.704014939309057,0.03408029878618113
train,-0.008120901,0.704014939309057,0.03361344537815125
train,-0.008222175,0.7044817927170869,0.03361344537815125
train,-0.008256124,0.7044817927170869,0.033146591970121375
train,-0.0082925325,0.7049486461251168,0.033146591970121375
train,-0.008349767,0.7049486461251168,0.03221288515406162
train,-0.008835671,0.7063492063492064,0.03221288515406162
train,-0.008850211,0.7063492063492064,0.031746031746031744
train,-0.00966795,0.7100840336134454,0.031746031746031744
train,-0.009689771,0.7100840336134454,0.03127917833800187
train,-0.011201217,0.7161531279178338,0.03127917833800187
train,-0.011418978,0.7161531279178338,0.03081232492997199
train,-0.012400327,0.7189542483660131,0.03081232492997199
train,-0.012405249,0.7189542483660131,0.030345471521942113
train,-0.012638537,0.7198879551820728,0.030345471521942113
train,-0.012888478,0.7198879551820728,0.029878618113912236
train,-0.013001101,0.7208216619981326,0.029878618113912236
train,-0.013263002,0.7208216619981326,0.028944911297852483
train,-0.013335222,0.7212885154061625,0.028944911297852483
train,-0.01356575,0.7212885154061625,0.02801120448179273
train,-0.014398456,0.7240896358543417,0.02801120448179273
train,-0.014543564,0.7240896358543417,0.02754435107376285
train,-0.016687604,0.7320261437908496,0.02754435107376285
train,-0.016773418,0.7320261437908496,0.027077497665732975
train,-0.018140515,0.7390289449112979,0.027077497665732975
train,-0.018194165,0.7390289449112979,0.026610644257703098
train,-0.018590858,0.7418300653594772,0.026610644257703098
train,-0.018689219,0.7418300653594772,0.02614379084967322
train,-0.01942377,0.746031746031746,0.02614379084967322
train,-0.019464506,0.746031746031746,0.025676937441643344
train,-0.020173473,0.7478991596638656,0.025676937441643344
train,-0.020818109,0.7478991596638656,0.025210084033613467
train,-0.023432992,0.7563025210084033,0.025210084033613467
train,-0.023446428,0.7563025210084033,0.02474323062558359
train,-0.026634576,0.7642390289449112,0.02474323062558359
train,-0.02670975,0.7642390289449112,0.023809523809523836
train,-0.027319845,0.7670401493930906,0.023809523809523836
train,-0.027336275,0.7670401493930906,0.02334267040149396
train,-0.029566621,0.7735760971055089,0.02334267040149396
train,-0.029604992,0.7735760971055089,0.022875816993464082
train,-0.030707706,0.7763772175536882,0.022875816993464082
train,-0.030781422,0.7763772175536882,0.022408963585434205
train,-0.03127761,0.7787114845938375,0.022408963585434205
train,-0.031326983,0.7787114845938375,0.021942110177404328
train,-0.032463387,0.7824463118580766,0.021942110177404328
train,-0.03259396,0.7824463118580766,0.02147525676937445
train,-0.033696994,0.7857142857142857,0.02147525676937445
train,-0.033805635,0.7857142857142857,0.021008403361344574
train,-0.034860034,0.7899159663865546,0.021008403361344574
train,-0.03492164,0.7899159663865546,0.020541549953314697
train,-0.035467062,0.7931839402427637,0.020541549953314697
train,-0.035536688,0.7931839402427637,0.02007469654528482
train,-0.03558408,0.7941176470588235,0.02007469654528482
train,-0.035604622,0.7941176470588235,0.019607843137254943
train,-0.03726326,0.7978524743230626,0.019607843137254943
train,-0.037315838,0.7978524743230626,0.019140989729225066
train,-0.037571896,0.7987861811391224,0.019140989729225066
train,-0.037598867,0.7987861811391224,0.01867413632119519
train,-0.038268037,0.8025210084033614,0.01867413632119519
train,-0.038492367,0.8025210084033614,0.018207282913165312
train,-0.038760275,0.8053221288515406,0.018207282913165312
train,-0.038773112,0.8053221288515406,0.017740429505135435
train,-0.03893778,0.8067226890756303,0.017740429505135435
train,-0.038957514,0.8067226890756303,0.01727357609710556
train,-0.040373158,0.8095238095238095,0.01727357609710556
train,-0.040382665,0.8095238095238095,0.01680672268907568
train,-0.041940853,0.8160597572362278,0.01680672268907568
train,-0.042001326,0.8160597572362278,0.016339869281045805
train,-0.04277325,0.819327731092437,0.016339869281045805
train,-0.042877685,0.819327731092437,0.015873015873015928
train,-0.043828998,0.8225957049486461,0.015873015873015928
train,-0.044091087,0.8225957049486461,0.01540616246498594
train,-0.04682149,0.8305322128851541,0.01540616246498594
train,-0.04690371,0.8305322128851541,0.014939309056956063
train,-0.04925898,0.8361344537815126,0.014939309056956063
train,-0.049511235,0.8361344537815126,0.014005602240896309
train,-0.05142171,0.842203548085901,0.014005602240896309
train,-0.052047852,0.842203548085901,0.013071895424836555
train,-0.05248687,0.8445378151260504,0.013071895424836555
train,-0.052542966,0.8445378151260504,0.012605042016806678
train,-0.05308156,0.8468720821661998,0.012605042016806678
train,-0.053197328,0.8468720821661998,0.012138188608776801
train,-0.05421779,0.8482726423902894,0.012138188608776801
train,-0.054400083,0.8482726423902894,0.011204481792717047
train,-0.05595944,0.853874883286648,0.011204481792717047
train,-0.05625911,0.853874883286648,0.01073762838468717
train,-0.056562904,0.8548085901027077,0.01073762838468717
train,-0.05664096,0.8548085901027077,0.010270774976657293
train,-0.0572356,0.8571428571428571,0.010270774976657293
train,-0.05731957,0.8571428571428571,0.009803921568627416
train,-0.057322845,0.857609710550887,0.009803921568627416
train,-0.057532728,0.857609710550887,0.00933706816059754
train,-0.058588255,0.8599439775910365,0.00933706816059754
train,-0.058588665,0.8599439775910365,0.008870214752567662
train,-0.0601644,0.8632119514472456,0.008870214752567662
train,-0.060237225,0.8632119514472456,0.008403361344537785
train,-0.06245793,0.8683473389355743,0.008403361344537785
train,-0.06251669,0.8683473389355743,0.007936507936507908
train,-0.063457444,0.8706816059757236,0.007936507936507908
train,-0.06375024,0.8706816059757236,0.007469654528478031
train,-0.06677982,0.876750700280112,0.007469654528478031
train,-0.066861816,0.876750700280112,0.007002801120448154
train,-0.068890326,0.8809523809523809,0.007002801120448154
train,-0.06914136,0.8809523809523809,0.006535947712418277
train,-0.071106024,0.8865546218487395,0.006535947712418277
train,-0.07135813,0.8865546218487395,0.0060690943043884005
train,-0.07238629,0.8888888888888888,0.0060690943043884005
train,-0.07254249,0.8888888888888888,0.0056022408963585235
train,-0.07740222,0.8977591036414566,0.0056022408963585235
train,-0.07796515,0.8977591036414566,0.0051353874883286466
train,-0.0865498,0.9140989729225023,0.0051353874883286466
train,-0.08684018,0.9140989729225023,0.00466853408029877
train,-0.09719076,0.9299719887955182,0.00466853408029877
train,-0.097344816,0.9299719887955182,0.004201680672268893
train,-0.104009636,0.9393090569561158,0.004201680672268893
train,-0.10408975,0.9393090569561158,0.0037348272642390157
train,-0.10807612,0.945845004668534,0.0037348272642390157
train,-0.108449854,0.945845004668534,0.0032679738562091387
train,-0.1212801,0.9603174603174603,0.0032679738562091387
train,-0.12189626,0.9603174603174603,0.0028011204481792618
train,-0.12304539,0.9612511671335201,0.0028011204481792618
train,-0.12339031,0.9612511671335201,0.002334267040149385
train,-0.12647133,0.9640522875816994,0.002334267040149385
train,-0.12712903,0.9640522875816994,0.0018674136321195078
train,-0.14342836,0.9771241830065359,0.0018674136321195078
train,-0.14380562,0.9771241830065359,0.0014005602240896309
train,-0.14384006,0.9775910364145658,0.0014005602240896309
train,-0.14404474,0.9775910364145658,0.0009337068160597539
train,-0.15284869,0.9831932773109243,0.0009337068160597539
train,-0.15338048,0.9831932773109243,0.00046685340802987696
train,-0.15551849,0.9850606909430439,0.00046685340802987696
train,-0.15556456,0.9850606909430439,0.0
train,-0.3178502,1.0,0.0
validation,inf,0.0,1.0
validation,0.7444364,0.0,0.9978213507625272
validation,0.34945944,0.0,0.5860566448801743
validation,0.3475766,0.002178649237472767,0.5860566448801743
validation,0.32155925,0.002178649237472767,0.5185185185185186
validation,0.3208634,0.004357298474945534,0.5185185185185186
validation,0.32047302,0.004357298474945534,0.514161220043573
validation,0.32018727,0.006535947712418301,0.514161220043573
validation,0.31439322,0.006535947712418301,0.5032679738562091
validation,0.31415862,0.008714596949891068,0.5032679738562091
validation,0.30354545,0.008714596949891068,0.4836601307189542
validation,0.3029567,0.013071895424836602,0.4836601307189542
validation,0.29970735,0.013071895424836602,0.47276688453159044
validation,0.2984205,0.015250544662309368,0.47276688453159044
validation,0.2886561,0.015250544662309368,0.45969498910675377
validation,0.28819367,0.017429193899782137,0.45969498910675377
validation,0.2750917,0.017429193899782137,0.43355119825708066
validation,0.2743473,0.0196078431372549,0.43355119825708066
validation,0.27211002,0.0196078431372549,0.4248366013071896
validation,0.2720059,0.02178649237472767,0.4248366013071896
validation,0.26146007,0.02178649237472767,0.39651416122004357
validation,0.26005462,0.023965141612200435,0.39651416122004357
validation,0.25402492,0.023965141612200435,0.3899782135076253
validation,0.25262415,0.026143790849673203,0.3899782135076253
validation,0.24383138,0.026143790849673203,0.37472766884531594
validation,0.24294947,0.02832244008714597,0.37472766884531594
validation,0.23757753,0.02832244008714597,0.36819172113289755
validation,0.23660338,0.030501089324618737,0.36819172113289755
validation,0.2337006,0.030501089324618737,0.3616557734204793
validation,0.23272747,0.032679738562091505,0.3616557734204793
validation,0.23088297,0.032679738562091505,0.3529411764705882
validation,0.2302878,0.034858387799564274,0.3529411764705882
validation,0.22875306,0.034858387799564274,0.3485838779956427
validation,0.22731438,0.037037037037037035,0.3485838779956427
validation,0.22650304,0.037037037037037035,0.34204793028322444
validation,0.22636893,0.0392156862745098,0.34204793028322444
validation,0.22250424,0.0392156862745098,0.326797385620915
validation,0.22203472,0.04139433551198257,0.326797385620915
validation,0.22139391,0.04139433551198257,0.3224400871459695
validation,0.22138835,0.04357298474945534,0.3224400871459695
validation,0.21764514,0.04357298474945534,0.3137254901960784
validation,0.217341,0.04793028322440087,0.3137254901960784
validation,0.2059131,0.04793028322440087,0.289760348583878
validation,0.20492661,0.05228758169934641,0.289760348583878
validation,0.20382418,0.05228758169934641,0.2854030501089324
validation,0.19906154,0.054466230936819175,0.2854030501089324
validation,0.19804198,0.054466230936819175,0.27886710239651413
validation,0.19777204,0.05664488017429194,0.27886710239651413
validation,0.19475907,0.05664488017429194,0.27233115468409586
validation,0.19347896,0.058823529411764705,0.27233115468409586
validation,0.19262114,0.058823529411764705,0.27015250544662306
validation,0.19175689,0.06100217864923747,0.27015250544662306
validation,0.19094928,0.06100217864923747,0.2679738562091504
validation,0.18890208,0.06535947712418301,0.2679738562091504
validation,0.1866607,0.06535947712418301,0.2636165577342048
validation,0.18367527,0.06753812636165578,0.2636165577342048
validation,0.17842393,0.06753812636165578,0.2505446623093682
validation,0.17820151,0.0718954248366013,0.2505446623093682
validation,0.17754592,0.0718954248366013,0.24836601307189543
validation,0.17738828,0.07407407407407407,0.24836601307189543
validation,0.17646217,0.07407407407407407,0.24400871459694984
validation,0.17612906,0.07625272331154684,0.24400871459694984
validation,0.17559396,0.07625272331154684,0.23965141612200436
validation,0.17489122,0.0784313725490196,0.23965141612200436
validation,0.17052445,0.0784313725490196,0.23311546840958608
validation,0.17010619,0.08061002178649238,0.23311546840958608
validation,0.16999552,0.08061002178649238,0.23093681917211328
validation,0.16996434,0.08278867102396514,0.23093681917211328
validation,0.16992143,0.08278867102396514,0.2287581699346405
validation,0.16953894,0.08496732026143791,0.2287581699346405
validation,0.16884843,0.08496732026143791,0.224400871459695
validation,0.16768993,0.08714596949891068,0.224400871459695
validation,0.16741496,0.08714596949891068,0.2222222222222222
validation,0.16629249,0.08932461873638345,0.2222222222222222
validation,0.16453515,0.08932461873638345,0.21786492374727673
validation,0.16405804,0.09368191721132897,0.21786492374727673
validation,0.16348206,0.09368191721132897,0.21568627450980393
validation,0.16265886,0.09586056644880174,0.21568627450980393
validation,0.1597529,0.09586056644880174,0.20697167755991286
validation,0.15773673,0.09803921568627451,0.20697167755991286
validation,0.15716513,0.09803921568627451,0.20261437908496727
validation,0.15693259,0.10021786492374728,0.20261437908496727
validation,0.15682417,0.10021786492374728,0.20043572984749458
validation,0.15511264,0.10457516339869281,0.20043572984749458
validation,0.1542127,0.10457516339869281,0.19825708061002179
validation,0.15268315,0.10893246187363835,0.19825708061002179
validation,0.15204504,0.10893246187363835,0.1938997821350763
validation,0.15043528,0.11546840958605664,0.1938997821350763
validation,0.14894529,0.11546840958605664,0.18300653594771243
validation,0.14815986,0.11764705882352941,0.18300653594771243
validation,0.1481018,0.11764705882352941,0.18082788671023964
validation,0.14484587,0.13507625272331156,0.18082788671023964
validation,0.14438124,0.13507625272331156,0.17864923747276684
validation,0.1430641,0.1394335511982571,0.17864923747276684
validation,0.14200059,0.1394335511982571,0.17647058823529416
validation,0.14189784,0.14161220043572983,0.17647058823529416
validation,0.14021382,0.14161220043572983,0.17429193899782136
validation,0.13976939,0.1437908496732026,0.17429193899782136
validation,0.13913383,0.1437908496732026,0.16775599128540308
validation,0.13773994,0.14596949891067537,0.16775599128540308
validation,0.13762622,0.14596949891067537,0.1655773420479303
validation,0.13696328,0.14814814814814814,0.1655773420479303
validation,0.13450274,0.14814814814814814,0.1568627450980392
validation,0.13418919,0.15250544662309368,0.1568627450980392
validation,0.13315621,0.15250544662309368,0.15250544662309373
validation,0.13130279,0.1568627450980392,0.15250544662309373
validation,0.13043061,0.1568627450980392,0.14814814814814814
validation,0.13039911,0.15904139433551198,0.14814814814814814
validation,0.12969048,0.15904139433551198,0.14596949891067534
validation,0.12826113,0.16339869281045752,0.14596949891067534
validation,0.1278826,0.16339869281045752,0.14379084967320266
validation,0.12693758,0.16775599128540306,0.14379084967320266
validation,0.12692414,0.16775599128540306,0.14161220043572986
validation,0.12539437,0.16993464052287582,0.14161220043572986
validation,0.12485781,0.16993464052287582,0.13943355119825707
validation,0.12266519,0.18082788671023964,0.13943355119825707
validation,0.122615926,0.18082788671023964,0.13507625272331159
validation,0.11921241,0.19172113289760348,0.13507625272331159
validation,0.11873741,0.19172113289760348,0.130718954248366
validation,0.11646603,0.19825708061002179,0.130718954248366
validation,0.1162912,0.19825708061002179,0.1285403050108932
validation,0.11517771,0.2047930283224401,0.1285403050108932
validation,0.11367964,0.2047930283224401,0.12418300653594772
validation,0.11168654,0.21350762527233116,0.12418300653594772
validation,0.108643346,0.21350762527233116,0.11546840958605664
validation,0.10671393,0.22004357298474944,0.11546840958605664
validation,0.10667899,0.22004357298474944,0.11328976034858385
validation,0.10640066,0.2222222222222222,0.11328976034858385
validation,0.1059423,0.2222222222222222,0.11111111111111116
validation,0.105666675,0.22657952069716775,0.11111111111111116
validation,0.10556003,0.22657952069716775,0.10893246187363836
validation,0.10129185,0.24618736383442266,0.10893246187363836
validation,0.100350976,0.24618736383442266,0.10675381263616557
validation,0.09738666,0.25054466230936817,0.10675381263616557
validation,0.09726465,0.25054466230936817,0.10457516339869277
validation,0.093747586,0.26143790849673204,0.10457516339869277
validation,0.09287388,0.26143790849673204,0.10239651416122009
validation,0.092174254,0.2636165577342048,0.10239651416122009
validation,0.09216477,0.2636165577342048,0.10021786492374729
validation,0.08911631,0.2701525054466231,0.10021786492374729
validation,0.086608365,0.2701525054466231,0.0958605664488017
validation,0.08537306,0.2766884531590414,0.0958605664488017
validation,0.08473662,0.2766884531590414,0.09368191721132901
validation,0.083240606,0.2875816993464052,0.09368191721132901
validation,0.082414344,0.2875816993464052,0.09150326797385622
validation,0.07680916,0.30501089324618735,0.09150326797385622
validation,0.07564262,0.30501089324618735,0.08932461873638342
validation,0.0756069,0.30718954248366015,0.08932461873638342
validation,0.07542614,0.30718954248366015,0.08714596949891062
validation,0.074816175,0.3159041394335512,0.08714596949891062
validation,0.07420993,0.3159041394335512,0.08496732026143794
validation,0.071059264,0.3333333333333333,0.08496732026143794
validation,0.0708604,0.3333333333333333,0.08061002178649235
validation,0.06322826,0.3660130718954248,0.08061002178649235
validation,0.06257761,0.3660130718954248,0.07625272331154687
validation,0.061167847,0.37254901960784315,0.07625272331154687
validation,0.06092601,0.37254901960784315,0.07407407407407407
validation,0.059593994,0.3812636165577342,0.07407407407407407
validation,0.059412975,0.3812636165577342,0.06971677559912859
validation,0.055851318,0.39869281045751637,0.06971677559912859
validation,0.055796757,0.39869281045751637,0.06753812636165579
validation,0.05470977,0.40522875816993464,0.06753812636165579
validation,0.05467639,0.40522875816993464,0.065359477124183
validation,0.049751222,0.42483660130718953,0.065359477124183
validation,0.04960688,0.42483660130718953,0.0631808278867102
validation,0.04839925,0.4335511982570806,0.0631808278867102
validation,0.048380166,0.4335511982570806,0.061002178649237515
validation,0.046584938,0.4466230936819172,0.061002178649237515
validation,0.04656322,0.4466230936819172,0.05882352941176472
validation,0.044872835,0.4596949891067538,0.05882352941176472
validation,0.044330247,0.4596949891067538,0.05664488017429192
validation,0.04238827,0.4749455337690632,0.05664488017429192
validation,0.04226671,0.4749455337690632,0.05446623093681913
validation,0.04161313,0.4793028322440087,0.05446623093681913
validation,0.041247748,0.4793028322440087,0.05228758169934644
validation,0.034279373,0.5119825708061002,0.05228758169934644
validation,0.034135282,0.5119825708061002,0.04793028322440085
validation,0.034119837,0.514161220043573,0.04793028322440085
validation,0.03359079,0.514161220043573,0.04575163398692805
validation,0.025342517,0.5381263616557734,0.04575163398692805
validation,0.02509379,0.5381263616557734,0.04357298474945537
validation,0.02139866,0.5555555555555556,0.04357298474945537
validation,0.020833598,0.5555555555555556,0.04139433551198257
validation,0.019466845,0.5620915032679739,0.04139433551198257
validation,0.019028213,0.5620915032679739,0.039215686274509776
validation,0.015994232,0.5816993464052288,0.039215686274509776
validation,0.014519847,0.5816993464052288,0.034858387799564294
validation,0.00797689,0.5969498910675382,0.034858387799564294
validation,0.007937552,0.5969498910675382,0.0326797385620915
validation,0.0027718851,0.6230936819172114,0.0326797385620915
validation,0.0018734087,0.6230936819172114,0.028322440087146017
validation,0.00022628932,0.6339869281045751,0.028322440087146017
validation,0.00014778832,0.6339869281045751,0.02614379084967322
validation,-0.007784047,0.6688453159041394,0.02614379084967322
validation,-0.0078145135,0.6688453159041394,0.023965141612200425
validation,-0.010787148,0.673202614379085,0.023965141612200425
validation,-0.012408835,0.673202614379085,0.019607843137254943
validation,-0.012486901,0.6753812636165577,0.019607843137254943
validation,-0.013021246,0.6753812636165577,0.017429193899782147
validation,-0.017280258,0.6949891067538126,0.017429193899782147
validation,-0.017973343,0.6949891067538126,0.015250544662309351
validation,-0.02340414,0.7189542483660131,0.015250544662309351
validation,-0.023864035,0.7189542483660131,0.013071895424836555
validation,-0.024084218,0.7211328976034859,0.013071895424836555
validation,-0.024511352,0.7211328976034859,0.01089324618736387
validation,-0.029015671,0.7363834422657952,0.01089324618736387
validation,-0.029838871,0.7363834422657952,0.008714596949891074
validation,-0.041337162,0.7734204793028322,0.008714596949891074
validation,-0.041411545,0.7734204793028322,0.006535947712418277
validation,-0.08729712,0.9150326797385621,0.006535947712418277
validation,-0.08822782,0.9150326797385621,0.004357298474945481
validation,-0.0978479,0.9411764705882353,0.004357298474945481
validation,-0.0999239,0.9411764705882353,0.002178649237472796
validation,-0.118809626,0.9607843137254902,0.002178649237472796
validation,-0.12159772,0.9607843137254902,0.0
validation,-0.19433933,1.0,0.0
test,inf,0.0,1.0
test,0.7948182,0.0,0.9978213507625272
test,0.31696886,0.0,0.485838779956427
test,0.31598836,0.002178649237472767,0.485838779956427
test,0.30261007,0.002178649237472767,0.4509803921568627
test,0.29968515,0.004357298474945534,0.4509803921568627
test,0.27546224,0.004357298474945534,0.383442265795207
test,0.2753927,0.006535947712418301,0.383442265795207
test,0.27190417,0.006535947712418301,0.37254901960784315
test,0.27156544,0.008714596949891068,0.37254901960784315
test,0.2621206,0.008714596949891068,0.34422657952069713
test,0.26120752,0.013071895424836602,0.34422657952069713
test,0.24595933,0.013071895424836602,0.30718954248366015
test,0.24588962,0.015250544662309368,0.30718954248366015
test,0.24301387,0.015250544662309368,0.30065359477124187
test,0.24286954,0.017429193899782137,0.30065359477124187
test,0.23841983,0.017429193899782137,0.2941176470588235
test,0.23590066,0.0196078431372549,0.2941176470588235
test,0.23416609,0.0196078431372549,0.2919389978213508
test,0.23406689,0.02178649237472767,0.2919389978213508
test,0.2294366,0.02178649237472767,0.27886710239651413
test,0.22900343,0.023965141612200435,0.27886710239651413
test,0.22858529,0.023965141612200435,0.27668845315904145
test,0.22805142,0.026143790849673203,0.27668845315904145
test,0.22786434,0.026143790849673203,0.27450980392156865
test,0.2277866,0.02832244008714597,0.27450980392156865
test,0.22761212,0.02832244008714597,0.27233115468409586
test,0.22733626,0.030501089324618737,0.27233115468409586
test,0.22710231,0.030501089324618737,0.2679738562091504
test,0.22673674,0.032679738562091505,0.2679738562091504
test,0.2263907,0.032679738562091505,0.2636165577342048
test,0.22596571,0.034858387799564274,0.2636165577342048
test,0.22560382,0.034858387799564274,0.2592592592592593
test,0.22458026,0.037037037037037035,0.2592592592592593
test,0.21771191,0.037037037037037035,0.2527233115468409
test,0.21677142,0.0392156862745098,0.2527233115468409
test,0.21603738,0.0392156862745098,0.2505446623093682
test,0.21571566,0.04139433551198257,0.2505446623093682
test,0.2145902,0.04139433551198257,0.24400871459694984
test,0.21458691,0.04357298474945534,0.24400871459694984
test,0.21092033,0.04357298474945534,0.23965141612200436
test,0.20603727,0.05010893246187364,0.23965141612200436
test,0.20540698,0.05010893246187364,0.23747276688453156
test,0.2026031,0.05228758169934641,0.23747276688453156
test,0.20041093,0.05228758169934641,0.23093681917211328
test,0.19939345,0.054466230936819175,0.23093681917211328
test,0.19679262,0.054466230936819175,0.2222222222222222
test,0.19502768,0.06100217864923747,0.2222222222222222
test,0.19304858,0.06100217864923747,0.2200435729847494
test,0.18873523,0.06753812636165578,0.2200435729847494
test,0.18609896,0.06753812636165578,0.21568627450980393
test,0.18504786,0.0718954248366013,0.21568627450980393
test,0.18479204,0.0718954248366013,0.21350762527233114
test,0.18326654,0.07407407407407407,0.21350762527233114
test,0.17981276,0.07407407407407407,0.20261437908496727
test,0.17823236,0.07625272331154684,0.20261437908496727
test,0.17626314,0.07625272331154684,0.1938997821350763
test,0.17495343,0.0784313725490196,0.1938997821350763
test,0.17250936,0.0784313725490196,0.1917211328976035
test,0.17076358,0.08061002178649238,0.1917211328976035
test,0.17073843,0.08061002178649238,0.1895424836601307
test,0.16943873,0.08496732026143791,0.1895424836601307
test,0.16228554,0.08496732026143791,0.18518518518518523
test,0.16183615,0.08932461873638345,0.18518518518518523
test,0.16115843,0.08932461873638345,0.18300653594771243
test,0.16103026,0.09368191721132897,0.18300653594771243
test,0.15832675,0.09368191721132897,0.17864923747276684
test,0.15583576,0.09586056644880174,0.17864923747276684
test,0.1555041,0.09586056644880174,0.17647058823529416
test,0.15544708,0.09803921568627451,0.17647058823529416
test,0.15505621,0.09803921568627451,0.17429193899782136
test,0.15486234,0.10021786492374728,0.17429193899782136
test,0.15458328,0.10021786492374728,0.17211328976034856
test,0.15375465,0.10457516339869281,0.17211328976034856
test,0.15341653,0.10457516339869281,0.16993464052287577
test,0.14975534,0.10675381263616558,0.16993464052287577
test,0.14701228,0.10675381263616558,0.1633986928104575
test,0.14492397,0.10893246187363835,0.1633986928104575
test,0.14381173,0.10893246187363835,0.159041394335512
test,0.14359398,0.1111111111111111,0.159041394335512
test,0.14253621,0.1111111111111111,0.1568627450980392
test,0.14248003,0.11328976034858387,0.1568627450980392
test,0.14158265,0.11328976034858387,0.15468409586056642
test,0.13863644,0.12418300653594772,0.15468409586056642
test,0.13806508,0.12418300653594772,0.15032679738562094
test,0.13660525,0.12854030501089325,0.15032679738562094
test,0.13636631,0.12854030501089325,0.14814814814814814
test,0.13547681,0.1328976034858388,0.14814814814814814
test,0.13545506,0.1328976034858388,0.14596949891067534
test,0.13436693,0.1394335511982571,0.14596949891067534
test,0.13411644,0.1394335511982571,0.14379084967320266
test,0.13406348,0.14161220043572983,0.14379084967320266
test,0.13338274,0.14161220043572983,0.14161220043572986
test,0.13284995,0.1437908496732026,0.14161220043572986
test,0.13237245,0.1437908496732026,0.13725490196078427
test,0.13205223,0.14596949891067537,0.13725490196078427
test,0.13204578,0.14596949891067537,0.13507625272331159
test,0.13008957,0.1503267973856209,0.13507625272331159
test,0.12812427,0.1503267973856209,0.1263616557734205
test,0.127844,0.15250544662309368,0.1263616557734205
test,0.12729633,0.15250544662309368,0.12418300653594772
test,0.12189347,0.16339869281045752,0.12418300653594772
test,0.1218111,0.16339869281045752,0.12200435729847492
test,0.1204645,0.1721132897603486,0.12200435729847492
test,0.119745076,0.1721132897603486,0.11764705882352944
test,0.11826612,0.17647058823529413,0.11764705882352944
test,0.11784888,0.17647058823529413,0.11328976034858385
test,0.11487687,0.18082788671023964,0.11328976034858385
test,0.11406596,0.18082788671023964,0.11111111111111116
test,0.10985294,0.19825708061002179,0.11111111111111116
test,0.10983887,0.19825708061002179,0.10893246187363836
test,0.10914304,0.20261437908496732,0.10893246187363836
test,0.10881334,0.20261437908496732,0.10675381263616557
test,0.1083732,0.20697167755991286,0.10675381263616557
test,0.1080757,0.20697167755991286,0.10457516339869277
test,0.10306454,0.21350762527233116,0.10457516339869277
test,0.10292468,0.21350762527233116,0.10239651416122009
test,0.100084566,0.23311546840958605,0.10239651416122009
test,0.09908095,0.23311546840958605,0.10021786492374729
test,0.09612129,0.24618736383442266,0.10021786492374729
test,0.09488805,0.24618736383442266,0.09368191721132901
test,0.093844555,0.25054466230936817,0.09368191721132901
test,0.09323518,0.25054466230936817,0.09150326797385622
test,0.09141348,0.25272331154684097,0.09150326797385622
test,0.09129349,0.25272331154684097,0.08932461873638342
test,0.09072561,0.2570806100217865,0.08932461873638342
test,0.08964553,0.2570806100217865,0.08496732026143794
test,0.08845675,0.26143790849673204,0.08496732026143794
test,0.08645464,0.26143790849673204,0.08278867102396514
test,0.08478476,0.2657952069716776,0.08278867102396514
test,0.08370779,0.2657952069716776,0.07843137254901966
test,0.08311178,0.27233115468409586,0.07843137254901966
test,0.082430445,0.27233115468409586,0.07625272331154687
test,0.08179496,0.2788671023965142,0.07625272331154687
test,0.08117625,0.2788671023965142,0.07407407407407407
test,0.0807722,0.28322440087145967,0.07407407407407407
test,0.0794613,0.28322440087145967,0.06971677559912859
test,0.0770717,0.29411764705882354,0.06971677559912859
test,0.07534899,0.29411764705882354,0.06753812636165579
test,0.07068148,0.3159041394335512,0.06753812636165579
test,0.070150316,0.3159041394335512,0.065359477124183
test,0.069221266,0.3224400871459695,0.065359477124183
test,0.06917027,0.3224400871459695,0.0631808278867102
test,0.065770246,0.3355119825708061,0.0631808278867102
test,0.065244585,0.3355119825708061,0.061002178649237515
test,0.06429011,0.35076252723311546,0.061002178649237515
test,0.06365236,0.35076252723311546,0.05882352941176472
test,0.06288829,0.35294117647058826,0.05882352941176472
test,0.06267745,0.35294117647058826,0.05664488017429192
test,0.062453486,0.3572984749455338,0.05664488017429192
test,0.062303193,0.3572984749455338,0.05446623093681913
test,0.057237476,0.3812636165577342,0.05446623093681913
test,0.05691462,0.3812636165577342,0.05228758169934644
test,0.0553113,0.3899782135076253,0.05228758169934644
test,0.05530643,0.3899782135076253,0.050108932461873645
test,0.054621663,0.39215686274509803,0.050108932461873645
test,0.052528378,0.39215686274509803,0.04357298474945537
test,0.048255768,0.4117647058823529,0.04357298474945537
test,0.04756627,0.4117647058823529,0.039215686274509776
test,0.046004318,0.420479302832244,0.039215686274509776
test,0.04519099,0.420479302832244,0.03703703703703709
test,0.027177643,0.4989106753812636,0.03703703703703709
test,0.027060645,0.4989106753812636,0.034858387799564294
test,0.02596865,0.5054466230936819,0.034858387799564294
test,0.025578594,0.5054466230936819,0.0326797385620915
test,0.020847142,0.5294117647058824,0.0326797385620915
test,0.020510938,0.5294117647058824,0.030501089324618702
test,0.017179968,0.5403050108932462,0.030501089324618702
test,0.017128563,0.5403050108932462,0.028322440087146017
test,0.014422076,0.5555555555555556,0.028322440087146017
test,0.0143174995,0.5555555555555556,0.02614379084967322
test,0.013802995,0.5577342047930284,0.02614379084967322
test,0.013530361,0.5577342047930284,0.023965141612200425
test,0.011538703,0.5816993464052288,0.023965141612200425
test,0.011284388,0.5816993464052288,0.02178649237472763
test,0.011050712,0.5838779956427015,0.02178649237472763
test,0.0106667,0.5838779956427015,0.019607843137254943
test,0.0046921093,0.616557734204793,0.019607843137254943
test,0.004241856,0.616557734204793,0.017429193899782147
test,-0.014274893,0.7124183006535948,0.017429193899782147
test,-0.016299428,0.7124183006535948,0.015250544662309351
test,-0.016753966,0.7145969498910676,0.015250544662309351
test,-0.016809035,0.7145969498910676,0.013071895424836555
test,-0.019647455,0.7189542483660131,0.013071895424836555
test,-0.0200338,0.7189542483660131,0.01089324618736387
test,-0.031248912,0.7603485838779956,0.01089324618736387
test,-0.03396618,0.7603485838779956,0.006535947712418277
test,-0.038237534,0.7734204793028322,0.006535947712418277
test,-0.038396988,0.7734204793028322,0.004357298474945481
test,-0.07366614,0.8779956427015251,0.004357298474945481
test,-0.07397093,0.8779956427015251,0.002178649237472796
test,-0.12940854,0.9629629629629629,0.002178649237472796
test,-0.13172649,0.9629629629629629,0.0
test,-0.25239155,1.0,0.0
